contact_id,card_number,pin,CVV
d9361f06-3ec5-4bfa-8ce4-233d2acc9599,531870 1981004095,6254,915
200586c5-2d1a-4f0f-ad57-ae7245321270,3437 582455 87828,1866,241
72f07583-abad-4b4f-b46d-3e7b110157d6,3402 209623 68604,7257,282
2c6489db-848a-47d7-baef-2c57dbcda603,3411 077350 38649,7764,495
31a6a2b7-9df4-468d-993e-b6fcaf7f0ee6,374902343247784,4596,322
1782f637-8fe8-4e4b-a924-806ecccf93a0,532 87883 27406 454,3325,785
d8ffbbcd-1eae-45e5-a874-2f75e4136cfa,3772 059695 63568,2200,700
4673a705-6df0-4f7f-b789-fe2e589b65cb,341074325472358,3015,767
8eec39ed-65a3-4a8b-bd12-67de1a496191,542130 8061539331,5717,879
3df4d73a-1930-4c4c-bd26-a77daf1605ca,4929747140099322,2128,221
c4f49129-e723-48b9-97cb-f064502ff18b,3405 193073 10407,6662,492
4ab77c75-e0b1-42b3-9ff6-1c445d9ed456,455 63037 55411 871,6731,269
8242f1b0-637c-4d00-8a70-3a4e5e933e4f,552 98084 78250 712,7316,202
fb98548a-6750-4a83-8734-f11d16309cc7,4485 653 54 7272,7184,869
cf3d8f5e-fc8c-437f-8efe-f0ad7ba29574,4716008170612,5751,477
1bc5dadd-b3d1-4cfd-94d4-89e94fa9b87e,550545 300180 3634,2858,572
c6f3e7e7-2be5-4fca-b841-fffe4e566ef7,511 41487 99775 225,8983,671
403b27e7-2507-470e-bc16-69dc129cfe91,4556 364 88 8898,5025,923
e4300b5f-bc3b-4314-bae7-5bff8f3b6bce,376847734068471,2792,258
fb6935b4-838d-4388-9311-c37de1a734a9,5472782333064708,3228,147
f4bc5c5e-1461-493e-a689-aa65e7f84fc9,4532829046844,3288,396
71828e58-9f04-45b4-924c-8f6295d1d505,3428 193241 82500,1799,830
e52c547f-969e-4c72-990d-15bf480560f1,3745 280264 97865,4973,281
6cc456e4-8bbf-428a-8278-569a2e611c2d,342482837283214,9061,883
a1da3e64-58e9-4c70-8bbd-9dfc8128b75b,551363 133108 7933,4012,141
fcb96274-20bd-49d1-9260-bce2d616bfa0,341668561367840,4676,369
0f7b3e7f-1d82-4d18-9fec-c939877cb5d3,340030130236488,3418,733
351a42dc-c4e3-4ac6-a621-9e1d2e1f41d2,3481 558320 87913,5878,830
1a0c6937-2de5-4bf7-98e7-fb4e68cde6e0,4024007116286021,1659,522
fa101e0b-d31d-4bfd-8044-c0059d4a2db5,346830636926985,1784,247
4be1596c-a67d-4bab-b2c1-7053cf1af48e,520948 2037927264,2977,671
8876026a-02e5-4a99-84a7-bfde07b6a26f,3414 768632 51500,9766,350
19f8a04a-a391-403a-aa31-e0e3f8c729e0,370722965555122,7324,506
10874525-6d2f-47d5-bffc-154b46d1e09a,5574340013415240,3793,507
c1eea02c-def2-4292-9b5b-2436ce7a1be7,370148819823500,7055,953
fd51fdb2-82c9-4bbd-945e-536c6f4b12a8,4716591275790678,4424,390
586e615b-f49e-4efe-901a-9bb2734c9830,453 98166 65791 084,9632,417
cef4e500-bde0-4f48-9043-04125e2994ba,535829 141278 4540,2291,655
a36ea4e4-5f4c-43e8-b1f4-74508f74f095,5311 8664 6589 3334,8860,846
7cbfc312-916c-4b32-8b1b-72b454eebd57,378741874430336,5981,848
79772787-4ac6-44d3-93b7-1df092ae607d,4916894895559,3215,684
30ed0639-db61-489a-b012-3db10287fedf,516017 7217087734,7713,845
9df72960-6b2d-48d9-91b5-bcefec861b8c,5155650718319647,7523,585
0ada82ea-3312-4835-8308-85e39e9bea5f,4929651904837,8232,627
6a1a2726-af3d-46a9-b6e6-bf59c825759d,3763 055523 84835,5598,713
d8a255c4-d885-42bb-8c87-8c346e2ef3e0,3448 354308 91659,6048,715
e2e06590-30b3-463b-9202-cb54a83aaa30,552932 230665 7544,3924,249
aa0300d7-94b7-457c-af4b-953bd8c4ed68,4486661612272,3791,668
40479913-7e03-4e74-bdf9-0690e1b9fbfd,4126 3714 8232 3728,6318,156
46b529db-9c4d-4ca7-a31b-bb3e3899def0,345992752191215,4995,428
692ada47-7949-458c-99e5-b10735a927a8,511125 0645594785,1645,995
5144f099-24f9-4803-8371-478e1432e413,530781 783339 7595,1372,309
c76c1f62-dd18-415c-915e-cec97c47a9ba,4916415800435,1418,164
9052300e-7d9f-4386-a876-3468af988e35,4556658261521,1603,381
f1e64fac-38d5-4f64-be6e-41f58f0a6a29,558 63083 49016 541,5864,726
f9ea9f1b-7d55-465a-8250-eb128133fd76,370826436954366,5731,123
daa0754d-828f-4c27-8716-5670b3f09c3e,4024 007 15 3857,9240,949
52e143da-6902-4022-bebb-5780155e3091,3413 845234 80321,9417,779
b2a3794d-0fc6-4445-a319-cbb550eb8fd1,559084 0153211036,1683,923
8cb77c37-67a3-4d5e-a074-21e0f6a0714d,3746 573634 79051,8640,196
9e84de98-740e-4136-adff-86d53c7b0e0a,376302844083374,4316,585
64afc671-c4ab-4be2-9f97-7373f27ae725,379456829585113,5257,470
38515142-00a3-48fe-9888-a2fbbd0ad975,4716 301 16 3520,6452,391
f80fff03-54d4-46fc-803f-d3172ab3205f,3732 603395 00398,5316,687
40d76ad5-ab1a-4d20-8a30-38d921989198,453998 979895 2897,7727,275
b1d5de7d-0c89-476c-b0fa-f9e03b82b7d0,5366593617685756,8544,709
c22d3bad-4beb-414c-b932-167a10e47226,4532929015715,6399,824
8a8d8953-5ac3-4b6a-8569-4d4459ed74d3,3788 878042 16210,6243,166
9c8ae162-fac0-47e5-b48d-f7c97f6d7f8c,3737 564235 02919,2635,661
a80bcd2c-bb36-4bbf-8380-91cf95ecba64,5389 1917 0264 8913,7577,426
520cbf8b-3d2b-425a-b3cc-b794e4ec9293,4485636513689932,8720,971
727f2e10-0021-45c0-80ff-606d2672f15c,4929 174 66 3175,3092,926
8f2cac9f-1da1-4285-8cae-e29422dd319f,4539626318060,7120,574
af717e23-00c6-4ec9-86d7-deceec3e1f3a,3499 085363 46681,5153,267
6d806fa4-321d-4d02-95d4-65e8ac17186e,531163 8051223444,6863,618
bae1522a-8c4a-427b-b825-5d547f761624,4485084170645,9791,328
edb8e29d-4cf4-4007-8dde-347998683e77,3490 409998 92264,2330,463
b1529c22-6910-4735-9203-b3dc677bd2a6,5390 6906 9852 4639,3989,529
31f25383-4bf8-4c39-a152-8418b14d3510,374211967597023,4284,126
d8e0b84c-0504-4d2e-b586-1095bba2c3a1,375241228539380,9991,612
9d89fcbf-5908-4371-9dd5-ff053b4ed6a7,4916 428 98 9647,2410,951
9f6e0e69-30ab-4f41-90ee-7bb5ba6ed39d,4556742818211,2604,710
d88160a5-b5fb-4b00-b5f9-800ca69163c6,492936 186981 2475,5330,196
e2eb3731-0c42-4188-aeb4-4f6f0f84e64c,3493 908063 10285,6357,132
dd4f1f45-fd66-44ff-9771-9cdde016af06,3735 024867 99921,5836,376
c6727bb8-6ba3-4c50-8c42-0f5902427265,379135395232561,9273,160
2003909e-2918-45b4-b6ed-860e2ebb0196,4159571792290,8031,959
2905e8b9-b768-4ec4-83db-f029eff5119d,5567 0648 4359 6552,7596,188
3fe4e9dc-d356-48be-b921-93eedea91175,3402 896461 18214,7549,291
e78cab8c-a44a-4f0d-895a-98dc8c5feb57,513973 7853919017,7276,168
5198446b-ad85-4ac3-aa5a-6f93edb3880b,3706 323812 52057,6723,719
c72f579b-f623-4c75-b5a3-b935c1918ada,539 71893 94014 246,3268,589
fadf6015-11bb-4088-9847-2dd2303b0193,4556094402903,9875,813
6647fe21-d48b-44dc-aa87-99a513c22867,529 86848 39632 669,3482,281
963771d9-4cef-4a9b-9920-3b469522f8a8,3712 401112 84025,8111,678
0dae2baa-3ae4-497f-bb62-39083e7656ea,4532 8995 2656 3733,9549,526
e59471c4-05e5-49aa-a5ee-f7d26fe6700b,527066 282495 2807,3956,232
db0774a7-9374-4f9a-938e-a23317459eeb,4024007157247,3258,656
7cdfcfe9-fbb9-4e5a-ade7-d89cfccdd583,4739 7123 5077 0418,5772,633
40d6dd6d-ddb0-43a6-aa1b-0f1a6b098dc7,3453 903229 91588,6118,381
1cf8222e-0796-4b46-9500-5208118da67c,345413289506924,5229,207
ad2297a4-d576-4e46-8723-db7ed4b25a1c,5182 2447 9132 8076,5251,809
9cd08f30-8cf6-451e-adfa-a494df3aef84,340643262159912,8346,444
0a38de65-c4c9-4fe4-a33c-a0518456a4ee,4539729291880041,6676,833
6c847924-2ddb-447f-909a-09dd71cd712f,453993 751630 5302,5117,469
c19c79b6-6f51-4220-9d93-928d5a899cb3,5245 4282 4424 0617,8027,980
1b51ddc4-5d2c-4f71-bb39-c38ca0c6cf76,5306880734491421,8320,970
3d1c7bee-f6b0-4e50-b233-18700223a63d,455 61514 75386 232,4144,794
1a751864-79a7-4162-93fd-31c00900a755,542603 429745 7933,6726,750
9a6432bc-8246-4f3a-9bf7-27ba229417c5,4532781667587,4580,829
953c9fec-131d-47ae-b806-7bafc8b1662b,526445 453856 0292,8816,426
2ab760db-98a2-4a74-ab3d-d22a4b9112a5,4539643093502408,8988,966
8b4e0c9f-158d-404b-bbde-45bb5c1ccb0d,5226 4625 3280 6873,1565,915
a16f7248-3482-4006-a9ff-7e53c4766ce2,3762 907345 29269,2019,913
f7657344-e2a7-4a7d-ab90-d8c5b648d199,348141808684636,7507,193
ad462ae2-c7d7-451b-97a2-15521023916c,5274 3604 3057 5965,2471,692
6115a2a0-eeb8-4dff-be16-2560f8c1311f,4923281545557,4346,440
f48a50c6-dd81-4514-a402-71e774a21c57,4716887337036955,4667,931
87826dab-a20a-48da-a72d-b92dfa7fe4d3,524 47828 05159 397,1605,830
0c02c033-0e7f-4160-a575-ba71f83e8f90,5339589476876399,8616,243
f49e56cd-ee8a-4409-b469-3c118dfc90a0,5561 9197 3796 4594,9773,565
5d3ab715-ff3d-4441-9bcf-aa4debc135f6,4485233000230,8639,718
7413d3fa-19ad-4d03-b423-17263d2f70c9,4485356793009,5957,496
189587f1-54e9-4a82-90a8-9378a01d440f,4556374791587,5824,497
0f0d8817-7fe6-44a3-9896-6c770756e8f5,531700 2560696075,4843,210
fefef804-2834-4260-b852-017d9c5872cf,349439835967472,2710,113
488ac626-de4b-4a42-a6ad-1fffc29f29fd,4024007115914,5373,613
ab7d0646-2cf7-4492-8d43-7ea8ca2597cc,516862 9267568965,7729,687
85763026-0d83-4574-b841-08780adb0331,5263592897737349,6340,973
f9efd704-9501-4567-8f14-ad7a34de3148,4929763964182,9699,880
732d568a-ee6a-43dc-ab11-5a6da1d0c56c,3740 893792 36038,4134,313
da3a22f1-c299-4289-96fc-8ac485248f17,554975 092459 3244,6464,561
53577544-5805-4483-b97c-21500634c08e,527015 273519 8112,7722,423
7cc8f6e0-3725-4ff6-8365-e1b63df3321c,5207065871868231,5579,490
0f670f13-9220-43a7-8b4a-2e29e962a567,344649418208541,2406,553
a38a63a7-296c-4c2e-a36b-0284133ccd68,3766 562389 02634,9166,254
addbd8f1-ffd6-43e5-8888-2e15a0326f9c,5501625855689045,6622,808
788d37a1-2da6-4eca-9d41-3651e6461d24,3736 314320 01023,2978,497
17639b29-37e3-4bb5-86ed-5c9e85d676a0,535 79859 56680 797,8792,858
ea04d340-f714-4c18-afe7-177c3c197798,4485063297249280,5686,646
1c4b781e-3c7d-4df4-92af-eef2f2aace7e,340560377959871,4251,807
b906e3e0-fa2d-4dd8-b9be-2c230705fe59,4497821404476385,7459,413
c01e0c6d-6a23-4311-b2b4-93b9e97dab9e,372227476173215,3398,423
f9eadc15-2853-4ddb-9704-bf51fb679214,4716 858 63 5912,8594,901
6b7c37ea-63a3-41fe-8cfc-d6ad14abfba3,548 85223 62969 597,4300,912
df33c7a1-0455-441f-8982-6837c8a8adc7,349184852755513,1990,334
0d57cb3a-c736-4b62-a995-31446b9778bc,3759 589247 51999,1877,246
6f29b51d-71b5-4c6e-b188-e55ab56d4bef,527 10498 23373 160,7912,673
efbd8051-f81b-46c0-b231-309abe8474d2,378163771947264,8251,361
c030d983-48b3-4b4a-b819-5893c682dfbe,523911 476628 5341,8549,989
6a1dff44-a0aa-429f-b973-2c679536e4a1,4916564063280,8767,963
607a636c-b5ed-4625-af1f-2d0c33600b4b,3705 827819 92242,4694,922
ee827b5e-a52f-4240-8a66-59e09048f570,5189 0906 0572 0344,8913,825
693cc5ca-7608-44e3-a05f-0355d4a64268,4532 1744 7571 0366,1782,543
73c81b76-91d4-4935-894c-53b4edda0864,347936056296079,3499,169
21012fa9-f7ae-4740-9929-5e78e4c03f41,448 57060 68135 977,8388,771
9b14a88b-5822-45ae-aa5d-c4e9849f9f1e,3736 140665 88598,3815,424
761dc9e6-a0ba-4e67-9ec4-860a5772b605,4716151878797958,2502,724
fa3f57e3-3c09-4bd6-bb77-349d27d67870,402400 715269 3551,2279,299
bac7a4ba-8a13-461c-bfcd-98f738f91973,402400 7199027102,9773,273
32e0c8c2-4320-4b76-bd55-54f9f6cf34ab,448507 0761754109,9236,348
00b04c9b-b8fd-4a0e-89e7-7ada002ce9a3,3450 125792 29419,2265,405
ae47d76b-f83e-466e-9e69-6b53181a22b4,524430 147750 6262,4990,691
5a690772-3b3f-4d1c-ac49-971be027f221,3754 696302 48692,7216,750
07a54786-272b-4475-9edc-2e04520c95c5,5457 3336 1536 6251,5121,332
520fd3c5-0e2b-4efc-83b4-b22f3ea766a6,5398364422075738,5606,384
c5dd1901-495e-4f9c-82bf-044289a6f8cc,4929782873604,1892,315
97237b32-78ae-47b6-8257-88b2b2d86d99,3774 658606 75651,9538,475
1f29fe64-a077-412e-bf88-c32905f1b197,4916688323164,6521,741
aa0bf607-abfe-429a-b6f3-5d50bcccf946,342088086632769,2333,845
07578e3b-198d-4e56-93a2-be33bea84d37,4539716960215443,4280,541
3623aeec-1846-4112-b4f4-d484c64c884b,547 22867 10537 922,5074,235
d70c71cf-d75f-4432-94ff-4080aad089ed,3481 183057 21095,7043,133
85843149-0e4a-4630-8281-60ac6adaba8f,471633 3989566205,9035,503
fd08a6da-094a-4761-a58b-f43b6a0d5bc8,3418 831311 23256,2365,986
465d6829-d1ee-41dc-8346-37dbc184147b,453934 558127 8216,2879,572
b9180cd8-7695-4a7a-b967-6ce091c1d838,541937 370214 1479,1261,482
14e7c3a8-9609-4785-b982-8202177a129a,4532575870674090,3001,959
759f019c-4b75-4a32-a22e-0edd24f1b318,5561 1428 0002 3988,6675,583
b16ddd63-4a59-48e1-a31a-5cb6758fb184,5155 3552 9584 6307,3789,629
13aa70ed-18ce-4698-9439-f3874dcb7d8c,3417 315194 26710,7931,963
701add60-3379-4cd0-bc20-35abe78b78ba,5561737650733915,3680,433
dc3c62a8-82a0-45eb-bb78-969ba51c6c3c,559033 7875943541,5766,111
bbdc6e85-fcb3-4d35-bea9-c2c2b9c92830,540 55492 64301 314,7819,805
42b792fd-a5a0-4ce4-a1e4-a1e0e755ca7a,4929 390 40 7423,3586,843
b1f2b0b1-e939-4fb5-aa4e-5f981e1a19bb,348671640643655,1698,861
b0a76c03-0d73-4e4c-b0c0-40a793625c45,510 77298 02476 148,7758,920
0db7c1b4-26a5-489a-b91b-b2b064953912,3773 069264 29602,9351,120
18f7e524-a6c4-449b-a83e-83fc5408146e,3476 534044 66094,3229,758
cdce2b67-4725-42db-a839-ddf6c0a72091,5507 7504 7126 8133,6863,366
24fced80-8fc0-4388-a8ab-22cb7d93c9af,548243 1500407377,3831,140
34b9ff27-35d0-4a1b-9f43-786615c825d1,3764 845648 94303,3955,112
42d8dfa8-59a4-4062-9a75-622b990aaf1b,378441579084286,8485,129
1d70dfb5-6c6a-4520-a799-24d12d4af6a4,4916565723012529,6667,625
c074da89-4ca5-45b0-8e19-91a22ecc0ad2,343576171595718,4638,773
4a7c4d2f-f708-4b74-8303-011f97abade3,346578905588644,8747,800
6751673d-e73f-4efa-8f69-5592e1e7dd49,4929816519934,7705,670
526ea4c6-3d96-4dd9-881d-a4a921896ec6,3484 150627 34307,2466,755
b31d4f4b-6b9a-4c7d-ac17-0c0aa74aaaf2,5357662172693041,2633,150
11ce0afd-00a6-476e-b131-c7fbb6b6441d,5207974954331001,3695,833
6c59354b-05e9-4dbb-8854-dcd7204a0fa3,4916817788758,9341,847
5820a39d-6879-4879-b72d-d821e4c0add0,555 44599 38273 098,4143,336
1c978d3b-8e60-4059-9623-53d67019a983,3742 440071 17601,1492,291
c932d846-dc91-425b-89e4-c8a23e935cab,518836 3236999822,7788,455
19054f0d-873d-4b3e-8898-52c09107121d,4915577355898662,7632,697
57a3c57d-f9f6-4cec-a977-e4ec6ad9b29b,5491 7103 6652 2539,2096,978
d1bbfbeb-b0c0-4f76-9d95-00ac696310a6,3777 307878 00116,9182,618
b519db47-a487-4b92-9059-845d47b183a8,532771 9657859856,9053,602
70c2e6f3-50c2-4619-ad43-d12f16ca448a,3469 844794 37533,6706,324
879632c1-8f04-4511-a46f-089fe2d0ea27,4485920279584,9731,508
787e9600-f816-4ef9-b978-830cb0ba9e74,372335532465259,9803,163
62fd0ad2-f449-4ec1-905e-8e5d41a3908e,349048037458436,7099,168
dee52f02-0197-4584-bce2-8c22ff9192bb,3414 114079 30665,6526,445
a145c743-8d61-4821-869b-dcb6f7152c63,3737 875049 74792,6011,986
473eaedc-3da8-4c9f-950d-9c6d448af77d,4024 0071 3931 7993,6840,490
81b071c3-f09f-4efa-a3c8-d60ea8096ed7,3777 470952 88792,9605,505
658b12b3-e456-48e4-b2a1-f72fb3243ab1,4485106016800,2078,556
d2fc8a95-e42f-45ca-9788-6ac94eb8f94c,377192899845333,1179,526
9f0b15ef-3179-48a2-9433-2b765ca56c53,4024007191701159,3816,244
b1b87779-996f-40cf-b685-67b4af94bea2,4532950353092,1992,362
dc49baa9-c3e6-4424-b433-e4a6e8b3e7a0,5142843705399997,7620,568
8a53c120-b37b-46e9-ab2a-14bbee6b6de3,3713 648821 03386,7542,562
192302eb-693e-4158-9cc6-8a92c062cd36,542982 3660490688,7008,742
47273fb0-b48a-4845-9e90-5f0425c25b4d,4929717793950,1411,333
72eaf0e7-10d5-408a-95d2-f27e591e7218,371077405501031,9015,860
aa947cf8-392e-48a5-989a-05f8874433b3,4539598634403,4463,903
e7269b0d-2850-4872-8a15-736c2e4806a3,5560641912401256,6020,997
231c558f-e128-4b9a-a607-8823b8ff9b73,5474 3918 7763 4823,2681,372
3c58dbea-7a36-4095-a476-23179c621deb,343101666023553,7401,646
d6bccc2f-6085-4895-9d00-21614aef3fe9,3710 359200 31389,7850,798
3b35d4fa-e22e-44f7-b121-5e8d0f153746,3763 059122 80038,8832,455
a3fab974-610e-4d60-887d-08e95b08bd9d,4929278332503,1883,841
56007fc7-16df-4b3e-949f-ebcd82b4b397,520445 761114 3483,4442,823
5d110166-686c-4ae4-8915-9fdf6f23b248,556839 287618 1367,7717,282
ac9c2afc-a744-4cc5-a718-df270d094d98,3744 364159 09617,7633,553
3e1bb49f-0004-47a6-9223-96f501c8bbf5,3438 440244 62787,9061,553
acbc1a45-4269-421d-85fb-7486d1ee9b2f,559023 954070 9895,4873,140
957060f8-e901-4cef-928c-46815795c017,377485107590885,6583,512
1dd6c722-1726-4f45-b9dd-27602f7a38f7,379785205800286,1337,676
6745d081-cba7-45c4-847e-f804a21273c3,348208058707605,3134,509
3f5c662f-b494-414b-a015-62cea9ec6d1d,5591491826316569,8011,374
29d9f90e-6499-434c-8e16-d7fee57752e0,378374785577506,9716,569
13d33415-ed73-4f10-832a-766c2f478ba1,374696742535209,8022,570
2a136dfb-6dea-4e08-8555-8b70fe23891d,513586 404661 9462,3739,320
1f0f5153-bf6c-41ef-ba80-396066091681,4916359662288,8138,831
203d2cad-2494-4b7b-ab50-c342057438d7,378497921492361,8326,224
e67283c5-3beb-4b8d-bcdd-a2ba1d3e4adb,379978291734994,8697,590
22433c7e-ea71-496f-a3d8-6d099f18d891,4024007185461,8052,807
a756436e-08b7-45ec-a6a4-764821da9a41,371413848977837,2681,333
bba66694-15ed-407f-a1d2-6190c56b43d9,4485946191092980,3713,859
e82529dc-2e0a-46ca-9438-f71533bebe9b,3462 787296 02644,7827,875
f7b08972-fabe-4d3a-ba80-a0a059975709,4024007110550,8537,331
320df645-7037-434e-a2d8-e08266d18067,558774 381453 1690,1485,855
63728146-1de8-4e07-b5ae-5372673a67bb,375827192304049,8550,392
23282578-afb4-48d9-a1a7-7908f9bfd533,471 61457 61366 038,1270,216
5acef2d8-35a4-4855-be05-d426e2922e51,4556908946162926,5412,193
4dd9af47-765a-4221-849d-1a7428b74ffc,3409 583512 60656,8646,889
bcfaed87-5f3a-452b-8d33-b071551239b7,5509 8083 5656 4832,7869,335
ffdf7431-69ae-4866-85c3-3baf821342d3,557216 589885 5430,6681,998
a2821f6b-9cd2-4c98-8eb7-ad57f35f56ee,3449 006306 71564,6078,393
515a0051-2579-497b-bbb7-838228b0e075,5382966480597508,9346,385
547dab59-8dd1-428a-a881-5a77b50b05e5,3480 860393 49816,4897,747
15c78959-8460-4567-b2b6-ab0cb77dd900,5569961251226150,8776,424
8f536640-c9fd-43de-9374-7d40411009b9,345164082806157,6840,640
fc3417b5-aca2-4330-9e23-5b2f255a45b3,5247 5340 4050 2395,9241,158
e878cbd2-c4ef-4212-bf4a-48e688788f2f,4916250660365,8607,176
3aebfc6b-7aac-4be2-b509-33c3b0739113,375695240237663,1461,147
2ce81d9e-2bc4-4a7e-ba4a-2c0e75c8bb9c,370593949906271,7581,589
5bf5e986-8071-4e0f-8896-e0fa2d3888d5,545013 778825 9145,3575,608
6d9dd486-679b-4dee-a453-546bac380e42,3792 878323 46551,8457,434
e872f81f-2238-466f-a102-4bbe657b34b2,3467 226521 48273,9794,744
e196ecc6-d183-40d1-8ee3-6eff3e328034,4916783213641,1214,922
bc3fb088-4b2b-46a6-882d-1445bc595189,372301679064610,5873,610
5e05e1de-c7b2-447f-b7f7-c40a1c93f59d,3796 187893 32527,9944,817
bcacc1c1-5a2b-4b02-ba80-c736ccf405e2,344472022550384,9327,641
4efb1625-accb-4966-99bf-3b5e5018d481,543009 4784852446,2283,376
0be9e07e-29fb-4bae-a4b4-0f6aaf616ea7,553 25340 38726 182,8358,294
138b20d9-7c9b-45a5-9f1a-4f7ab86ce265,371441953153340,8196,462
b1ad9ab5-b55a-471f-9d8f-9bd522f5bdc7,558937 6261450870,7329,590
fa85b87f-944d-4d5c-b45f-d9d181d80519,4827 837 11 9892,1501,758
e081514d-805e-4660-88ca-95b4bf776eb6,4532538945724316,7119,304
1830132f-2e43-4f28-a0d4-7f089485e7d5,545402 1248860336,4640,409
93068902-f21b-4fe1-90a1-a85113d3f65e,377900734232453,3559,335
01e490fa-28f6-4a70-a6f0-c8b9716d4931,4485 584 84 6124,3492,311
35835b17-5a44-4793-9189-1227d90b2fb1,373692263202825,4514,761
49acd48c-fc12-48b6-9d9c-327e37559c07,515 15328 69762 078,2463,745
559bbe2e-b286-42eb-af47-ae134488201f,557 62919 56246 456,4240,533
c25221a0-e53c-4ad0-8223-f38144d947ca,344030390226589,1239,552
0ead224e-5e34-487b-9a90-5196c09b14e4,4929444816900,2704,894
edd1e223-7096-4a26-8dfa-599e48a79d03,519 21913 34556 754,9817,995
a542a2e7-cb12-4408-b0fd-bbaa27e799fe,343833907005995,4066,583
9dd9cf24-26b0-411f-9ea1-976f4af66811,3439 438172 57691,8324,770
ae021ad8-8a98-4358-87bb-3b45d33b535b,348230379812567,6071,205
a4473993-156f-46a1-97e7-359cc8e23bb5,535867 2617411296,3386,529
0e77ea55-76ae-4f18-83dd-dc7451a05486,533647 575425 6426,8664,577
96bc2ede-3eb2-4e24-8c91-ab3a7fc9c902,3443 613103 74310,9350,623
fd993927-ed1e-4b68-95bb-5a94168920a5,4916270367538,7484,317
4b0bbca3-caff-4156-8c89-5d83c6e63b16,370205671287438,2475,777
86e34783-dbb1-4119-a30e-0e709d3a70bb,554240 949427 5792,6415,798
81f1049c-a27a-433c-81fc-61f31f0da052,5216 6664 5668 9162,7375,527
5d5bcd67-5b57-434e-af31-f9a30af44478,3426 883781 97247,5697,213
80e19847-76eb-4e7e-bd17-a9d2de815736,4771409637941,1715,135
2f3a5916-6439-49b5-8cf6-a002ea40454b,523898 6098522322,6232,194
fb32a0a2-e3bb-473a-a785-5c04cdde93fb,3785 835948 85641,4967,265
dd80991d-f862-4779-b8f1-3f451f6df02c,375003962940855,4855,253
68cbd1a3-8a36-4602-9842-9e074d34d05b,4556348869121,2224,597
f9334eb4-a51f-4224-b9c1-33b7a05be29b,4716 0006 8134 4542,9215,212
94d7da5d-e5a6-4b6c-8dfb-12c93196031d,522252 074472 5902,3204,614
8a156e48-5c71-478b-b5ce-4b336afb7e7e,551 25557 77654 834,8205,706
88a4705b-6d7a-4fba-a679-15012a0b0714,4532235860627919,3455,844
ff501966-0871-4797-b085-f3d58b05b07e,5596142014719396,4085,303
26cb0b00-f164-490d-a125-8d8c74e7bda0,4556 983 00 9819,5009,657
60077096-f61d-422f-af17-16f1b7983a05,519 26798 57782 708,7169,362
fa6b27b2-7107-462a-b927-dbbf29256fa7,4716998302161668,7319,300
62589148-eaf2-410f-8f6e-a8348f24d08a,4916173438501,6289,253
021b2e26-cb43-4fc8-b734-9f1fd345d2a0,370362416460554,3083,226
508bfbfa-06f3-4770-8673-d6bab2fbede3,4916641877355,7664,164
3de38d35-e533-46f0-92b2-749cff6d3b3a,4485186279955,8445,702
00614ee6-8842-48d3-8a30-0e7cb8ab57b1,373163716675090,7097,302
3e99966b-968e-4251-a490-9bbb446f3d84,5530 3493 3802 7849,5336,946
526fab8d-dee8-4666-824f-78cdfe6047eb,5331 5981 7860 0724,4264,814
eae0f6ed-2ccd-4b7c-8351-5c6bbec5ac65,425785 6726233312,4099,160
6593256d-b2ca-4a58-a3ec-7f559c6fcc5f,4485332706352914,5129,950
a3170acf-e1ea-4149-b10c-d1d4fc001cdd,3468 616431 75787,7738,546
411da556-f471-4ce4-8a9e-0cc7809777ca,375626510929226,4265,249
3b48f481-a62a-4108-8789-345685e2c67e,3712 162886 63845,5669,205
77e401d2-3840-4f95-9dbc-09883fd4febc,377259479341106,5929,780
f485bd06-1c06-4ebe-87e9-1b7730d45d86,4929 6528 3796 5191,1266,905
281f6d4a-557f-4b57-9bf4-a9809d44ec95,373313966294759,3237,716
0ccfae64-eebd-466a-9ac9-bf3eac63ba86,548 28109 54760 144,7019,702
df321a25-c7e7-41a5-aae4-46d0061c02c9,3431 754782 31000,8637,396
220ca737-cd99-4420-b46a-afaeebb8428d,4539217442428,4694,908
54d495f0-2026-4a69-85f6-75e4ef97965c,373424232358516,9404,773
4c5bed68-decc-485f-9a4b-d2bc679324bb,528955 8513933869,7246,417
4392f251-21e5-4e66-9f2f-cde724d93a7f,341903538856025,7314,245
8e34eb54-398f-41e4-a0e0-b8d55941fc19,4916 2348 9905 0231,7435,474
67cfecdd-1ed6-41d5-8dd8-4888d58dc518,346625856543407,4525,710
700f1122-89e1-4f6a-aa45-eeb229a53997,349255310705280,5169,876
7d923c7a-e76c-49ba-a679-a58432e35c3b,5215556030298559,5835,486
d82ceee5-6b17-4303-a35e-7bca603685b4,530 86019 19508 583,9860,539
d4993c84-6e70-44cb-b18a-c5b73b861cac,4024007146153712,6493,119
8de13f55-d60c-4ea3-b07d-26cef449ba8e,4716853499967,1164,420
d45c3e5a-9bab-40da-a222-3d65c1bc4705,556962 226583 7883,9614,782
2d23c36e-76b7-481e-9950-5d2bed84ff78,4716353632547,2934,940
7bb5ed90-bcf3-4565-bb87-a7e2d32680ec,5558802100296908,8517,129
142a7c26-47c5-4d44-96d9-93b6fbf8095a,5108553581247903,3361,883
26cd7f21-836e-4243-9acd-42e9f96b7c90,553773 786437 3202,9056,671
286c3266-5a45-4437-acec-c905f2699d3d,5254 1410 8541 4740,8922,922
ea0c5a43-d3f8-44c0-af72-6c00c0011560,3421 049998 72721,5393,584
ec2351c0-4640-44a0-abea-27cfade59d7b,5269701208219517,3995,995
e94478b8-114a-4fe9-a241-41ee7e1e2799,4024007108253625,9502,791
294cb35a-2e58-4545-a00e-ba59fd9d2ca2,3420 833367 62698,3378,995
47619110-376b-41b7-8e6a-ef01c4555c96,3792 222886 47947,7389,669
96596cf3-b659-4cb4-bf53-111d8f6c7d6f,4929824480202,4858,256
7956ce85-7995-434a-ba97-5dcf0e3aa1b8,5322625078856592,6243,310
0588c0bc-4676-4969-a6cd-dc46fb6ca6ff,3754 276049 94212,3148,873
3ad7deb4-9f71-49b4-8cc8-3575f2e92ffa,4485525829135021,2785,201
72d68231-8bbd-4ca0-8564-6a1056426220,4929 645 22 0373,5751,192
dbc7311d-98c5-4270-b0a0-e2d47391073b,4556054706921,9324,891
16f1acd8-9685-4d5c-a8ef-6f08a776f4cb,374265633101412,6315,190
1800eb0f-148a-40b9-8e5e-4af171ac65da,5165 5951 0903 7092,9145,985
9fc83bd7-5a5d-4631-bb3a-2418cac0ca7a,4532142624139290,9818,184
3073d041-211a-4e29-bd9b-c5b61de94428,376091987109969,5697,956
c2868a56-8e16-4c38-b1ce-8cf825f07f5b,4532193408578229,9196,844
0202802b-fb0d-40f3-9bd9-5c7754d8511b,341489478142873,3318,514
5b6f8f6f-b2b6-4fca-9720-52bfb87b6f6f,3480 341718 52841,2537,875
4a6c5eba-8fed-4de0-9470-08e37461af68,376163113253068,2173,905
eb8c12c2-81c8-4b80-b0ad-7dc4eb18077c,4485410714243430,9313,233
740fcd69-8f14-439f-a54f-ed08fe9ce1ac,4916629113567,4048,753
b89aada9-7c7f-4c0d-a60a-accd85b9efd2,4539434778315,8920,490
0ca31326-e27a-4436-bdd3-70c5bcd69910,550350 3396861399,4379,951
0f7f18b5-b136-4111-a878-445619d51ec6,374831919689626,1234,985
eaafa4c8-7625-4a74-ada0-7662fd42d508,348437211135111,2147,520
119766fd-3330-462e-b504-6c843f0892f1,520 71261 94824 820,5138,633
5ebabfd2-61c2-45b9-863c-5fc305f65a3a,5534158756015442,6377,509
4fee818e-57f6-45cd-b528-0a60078480e4,492 90792 59697 096,9229,403
fa73a14a-8646-47a5-9b9f-778929a787a3,511617 0362658172,7411,804
ef0ea390-7d19-4696-88ca-ef08bc4c33db,3425 042786 81331,1655,786
8e12db28-2efd-4e23-9126-204ffafec00e,553 26278 81522 458,8394,371
27190d47-a0d7-4f0e-967a-83a253ec7688,344482734326262,1795,902
f54685d3-c7fa-40a6-87b9-30b97fb27992,3486 759242 68923,8225,351
a6197e9b-4220-4b6d-b1b2-1b9582fb13c5,371450090377472,4595,704
faebf06a-9fca-4eae-9c75-74bed8f0072e,343529581556424,1281,649
8e4f5c14-0732-46fc-9da7-345c194056cf,5163 4747 1251 2309,2747,439
3c1268f3-4c17-4178-a09b-34654b76071b,5199072656684767,2667,976
b0c79662-622b-4afe-a946-9763a478138a,417 18794 34344 604,4292,287
02be165a-edfb-40b2-afd1-1753a2a80560,3414 168802 53949,6018,699
791a56b6-caab-4f73-bb68-381ba2ac6224,4716009781458763,9421,658
65e776ea-d656-4248-b785-8fb6c7b48822,345508483717498,5122,840
04a14790-1363-4f8c-a5d0-aac0bbec47aa,3468 005164 54077,3039,680
b7dc8054-263f-496f-a0d0-a4f9790f41c3,344341093264243,2256,502
396c427f-ddc2-4d08-ad54-03cd40fc1d6a,4916936505655761,4579,430
2c53ed08-2d42-497b-a439-2c1ad1a45e34,521005 554726 2773,5871,218
e3072887-afd5-4f1c-94bf-1a4a48069046,345485760294048,5605,690
ad433b02-352f-44d4-9c45-f4bcf7f17326,4716606899255294,2862,561
65b8aa8f-a4dc-41e4-922f-1ff97e09de8f,376389952586223,3582,975
9cfe0fb7-770c-4caa-bb54-128a80f937dc,344449009201074,8213,302
a22c3088-de3a-437e-8f17-439afa291230,4024007182617,3599,255
2725a407-de99-446e-afed-5f5574db418e,529 04385 36591 472,5585,925
1369420b-3ee9-42cc-878a-16369e74c55c,5225434664545869,2360,904
7a853929-215e-4cf3-bb5e-3c5bd8d45d91,3731 025376 21149,1757,420
c08bf3ec-b0d8-491a-80da-169cbf5db6fc,523262 536993 3166,3196,419
0f127f77-dde0-4390-b17a-c457f1dc7996,3735 185592 89293,8837,151
3621fc32-4409-4276-9917-75250a604b96,4485714138876737,3748,325
0b9f4cca-483c-4daa-8774-0d4f4cddd3f6,4485505255235321,9102,419
dc8c2e96-f14b-475d-99bf-e35bb5aae0e9,342938981007782,3538,684
c70f6ec2-0912-4440-b986-57f54aeffd68,448547 7041508819,9101,344
fbd688c0-35b8-4f2f-8efc-144fdb33925d,4228077256769,7661,646
8f7ae606-89d5-4b70-aba0-23e89c665f7f,3487 756615 24163,1569,389
6ac04764-0812-4870-a7b0-177add6e9677,374783615854683,4978,161
acea702f-6a01-431b-a743-b5bb955fc090,4929619132190,3850,430
960db418-4122-4629-b95c-3e00808294cc,534 84347 69143 679,4108,601
4f7266af-5146-4f73-900c-20c1b97935f2,3735 341834 05155,5227,124
d086e063-bf97-4903-b258-353e247d67a6,5520 1052 1771 3251,3123,317
fbca10d4-f83a-4087-988a-cecc59ac4fc1,4929 5867 1578 7188,1482,926
67eb5014-cda3-4653-a61f-70eab2789ceb,4716845210563,6019,364
2b0c052e-ba2f-4ccc-8740-1a0f71a78682,536806 2189109080,3228,977
5e4420ac-03a0-4720-9a33-47c017fabce8,4556602664449017,4604,119
c26846c6-dc8c-4917-9c5f-f318fe156b38,4716257636206,2058,321
92283690-a6eb-4147-8ed8-3bdc59fb9bed,3782 893863 34661,7152,259
22f4ed13-a271-4cb8-b1e4-dc4c921eed7e,5300880001454876,4442,678
7b5d2c60-9146-4972-aedf-826a964ff3a9,3489 520162 68065,7714,299
b65eafb4-b2ec-4cd5-96e2-95ae5103c8c1,348071601011879,7230,743
1da65ab0-c8a9-4f37-9e07-4d532ed5ad06,551 49914 85727 737,8993,133
babf40e9-bff0-4ba5-82ec-769ba70f1956,4716606338244925,1311,448
d11e7960-33a1-463b-99d6-b59935f038c7,3762 212918 14398,5443,378
38a5a789-fee4-41ff-a61d-5e03be19058a,375965931611959,2555,530
16e5dca3-c462-498e-ac0d-425530baa234,549617 6635323593,7291,321
f315649b-1359-42f1-a1a7-f8aeae9fcd55,5224 9188 1611 1662,3365,936
9555e268-7fd0-4601-80e7-99fa0c2bebe4,3715 360633 64701,1292,305
9a12c81a-ad09-4077-b02b-96a396957ced,4042591581523,2863,139
bec07258-ff08-40ad-8b5c-18a0fb42eef4,4485748755880,4396,200
46b10d31-9fe8-4d66-a74f-482d1e4df61e,375055828836818,4544,902
1c460517-168c-410b-8c35-b21fbad1c1f2,539544 3087575670,6998,656
f99a4528-26b2-4dbc-ac3d-ce37aa5cdc6c,4532281097292648,2151,825
afb24d2a-760c-491f-b9b2-36fff2656fe1,349741035815165,3541,964
bfaebeb7-5e46-441d-93d7-032841c1650b,4556804570429,7827,764
c0eed69d-d1cb-436c-9c43-cbbef819b897,4278076700309,6874,659
99ba2f18-63e5-4639-8fe8-df1575165323,4556 9429 1670 9861,7604,443
49d19c22-33b2-4270-bfbf-ddc2c7f2705f,544375 777632 0250,6051,493
9179e8e8-12cc-4059-bf39-a6295a5c9772,342277055455076,7109,845
c172960b-d285-421c-b04c-7ee0c160a2be,4916384303395,2477,647
77f89042-2c87-4108-8d82-cf36c97933ff,4539006214724261,4630,700
cb77a8c7-0ac5-4683-87e9-6f4478324629,345299252525821,4565,438
9c3a0fa6-8e05-4924-a6f9-010fe5281c0b,511 64040 84899 768,5998,765
c6adfcca-f5f1-47ba-9ae1-8addaf0e85de,448597 6554954914,9248,140
54c40079-4ff5-435c-817a-759f93815419,5403 7015 2146 7899,2753,357
2bde3e0b-346d-4b4b-b266-cdab3e08ac30,515 51281 90788 951,8395,728
975c0f51-8669-44d9-a99e-ec786b00754e,3786 918739 47253,1160,994
a9e76ce5-8f1b-40dc-a2d9-435d29390185,523296 037071 3293,3020,169
0907136b-0ce8-4df1-92db-ec529bb82fa7,541093 342142 7191,1411,395
f92b1614-1d20-4056-9c48-64fa653dcafa,3415 866589 09870,8195,288
ec0f52c0-a986-44c0-9b09-7ce2f11ed202,4485 488 08 2149,9130,978
ad6b45fd-7935-4866-8c5a-7afa08c109a5,4916040353149,9634,789
7474a209-847a-4a99-9852-57bbc3042cfc,4916140889570,7564,549
6a43da27-610f-4801-b3f1-08007abe61be,3714 589052 89766,7078,689
9ae0aa49-132e-4528-82e8-c61540bab392,402400 7132958033,9489,141
bcda638c-c8aa-415b-91a6-fed937b9d4a1,349649451847374,7813,600
aa701434-4fa9-4274-aeb8-b3b16ab7e397,371519891910655,1842,897
f51757bc-bcd7-4419-8660-97cc3d4822d5,491 67489 60794 963,7237,839
5d41788e-57f3-43e2-b263-67e7973b5d56,402 40071 42439 636,6150,587
08e57411-7e3c-4d43-9353-d590f269cd24,347392201078691,4709,499
9f4e5ea3-9d71-49ca-b683-66734bc69a69,540126 2671837847,9314,805
e90ab292-e51c-456a-b7ce-e925b39dfa6f,3745 615195 47565,1586,133
2a5401ae-3a12-4664-b29c-c8c776410ffc,4024007197708786,1780,679
6ad19887-0fa5-4538-a00e-5e04c1a7cc03,547 00060 50949 715,6976,747
02c6a7bf-6bb7-404a-8a3f-cf4245b78d9e,4556783913442001,3481,538
f8c8389e-dc8f-4688-a77d-8d0cd202ca5b,348004119909938,5548,887
a33b256a-00c5-4ce8-9be3-d7664f655928,4916440152018,5170,139
55ad5265-89d5-4df5-a525-9d1e99ae4051,519 31106 23644 294,7950,181
4678fc5f-7d94-4fea-a919-e8e9ff097f83,4485510272346,3468,120
9b62f167-b36a-45b4-b675-8da12f029c77,5236937817795261,9876,336
a1435682-7947-45d9-8caf-de0016696975,4556761540282,8197,524
eab41d68-99d2-4336-9db1-5462a154d6f0,344229207540337,7129,728
c0454452-058c-492f-a050-03208b1e83af,519611 3708545714,5480,999
44b62ff7-1946-432c-938e-3018b037ffcd,4929136164221,4437,991
e1a1a5e2-fe3c-4ee0-9711-8ac77f80da3c,453 94467 46007 647,4617,824
143855b0-5bec-474a-ab1b-a42b44ea7fd8,4539572284526332,2946,339
4532d625-1018-4cde-85e2-9db181b8d218,4716752713041518,4939,565
aef9bd3a-735b-4f1c-a932-934e8aeecbdf,5575907232641191,9086,929
d0a256da-4df0-4f10-a33a-e870692ab629,558526 072151 7060,8331,670
10924d02-2da5-4797-a194-1f85dda5e029,453249 869481 4406,2699,533
78b78508-257b-4195-ac23-cbdb28bc16fc,347570820563488,9291,130
ecca8bb0-5e97-4007-afc5-16d63bddc8f8,4916378140746,7790,174
415018f0-92ad-42f7-a867-820a83e53a50,3456 629586 28449,3692,303
52b12bdd-4812-4a75-9016-796b5d0ec7e6,5480 4405 8263 9213,8789,478
9685b050-cb53-43d0-89f3-653178f134d3,515 70458 39690 307,1865,533
a3fa38e1-5c77-4498-98de-245411eec4f6,3494 935657 29651,2205,492
afbb83cb-ae47-4308-b9e0-30728b7477b3,4916388259775,6215,258
3e33841e-791b-438e-b84c-cb11703ec50f,371734628418811,1410,196
68b45dfd-8850-4cc6-ac56-7d1f48bfac4d,374404497646010,2527,942
b7b8abe7-79a0-4030-ae99-150c673eece1,529 11574 96956 926,4699,224
57a20375-21d6-43b6-a52b-5c62eec32f76,517745 0905200740,7524,136
28462778-0f2b-4858-a082-09c2bf292c75,541682 435873 3186,9921,975
14848f3b-61d9-467e-8733-2235d76967e3,558723 535622 7530,3391,272
10ede64e-6368-487b-9836-b7f915fd7c51,346820038538959,3954,121
a70ef5a9-dc4f-4460-ae21-c81517d35cdf,5417 2858 0745 4379,5300,795
7fb3cb86-8a32-490b-af2e-3c81f071d5f6,5184 5657 4927 0848,1275,406
a87e1812-0e0e-46ad-9ea1-c64eb2863952,5197 6777 4737 3824,5887,170
