contact_id,type,phone
138b20d9-7c9b-45a5-9f1a-4f7ab86ce265,Cell,504-621-8927
7413d3fa-19ad-4d03-b423-17263d2f70c9,Cell,810-292-9388
700f1122-89e1-4f6a-aa45-eeb229a53997,Cell,856-636-8749
a9e76ce5-8f1b-40dc-a2d9-435d29390185,Cell,907-385-4412
f9334eb4-a51f-4224-b9c1-33b7a05be29b,Cell,513-570-1893
dbc7311d-98c5-4270-b0a0-e2d47391073b,Cell,419-503-2484
bec07258-ff08-40ad-8b5c-18a0fb42eef4,Cell,773-573-6914
4678fc5f-7d94-4fea-a919-e8e9ff097f83,Cell,408-752-3500
281f6d4a-557f-4b57-9bf4-a9809d44ec95,Cell,605-414-2147
86e34783-dbb1-4119-a30e-0e709d3a70bb,Cell,410-655-8723
fb32a0a2-e3bb-473a-a785-5c04cdde93fb,Cell,215-874-1229
5e05e1de-c7b2-447f-b7f7-c40a1c93f59d,Cell,631-335-3414
dd80991d-f862-4779-b8f1-3f451f6df02c,Cell,310-498-5651
babf40e9-bff0-4ba5-82ec-769ba70f1956,Cell,440-780-8425
2725a407-de99-446e-afed-5f5574db418e,Cell,956-537-6195
f54685d3-c7fa-40a6-87b9-30b97fb27992,Cell,602-277-4385
3b48f481-a62a-4108-8789-345685e2c67e,Cell,931-313-9635
7d923c7a-e76c-49ba-a679-a58432e35c3b,Cell,414-661-9598
3fe4e9dc-d356-48be-b921-93eedea91175,Cell,313-288-7937
bcda638c-c8aa-415b-91a6-fed937b9d4a1,Cell,815-828-2147
a33b256a-00c5-4ce8-9be3-d7664f655928,Cell,610-545-3615
6a1dff44-a0aa-429f-b973-2c679536e4a1,Cell,408-540-1785
d88160a5-b5fb-4b00-b5f9-800ca69163c6,Cell,972-303-9197
6ad19887-0fa5-4538-a00e-5e04c1a7cc03,Cell,518-966-7987
4efb1625-accb-4966-99bf-3b5e5018d481,Cell,732-658-3154
bae1522a-8c4a-427b-b825-5d547f761624,Cell,715-662-6764
b1ad9ab5-b55a-471f-9d8f-9bd522f5bdc7,Cell,913-388-2079
c6f3e7e7-2be5-4fca-b841-fffe4e566ef7,Cell,410-669-1642
29d9f90e-6499-434c-8e16-d7fee57752e0,Cell,212-582-4976
63728146-1de8-4e07-b5ae-5372673a67bb,Cell,936-336-3951
b31d4f4b-6b9a-4c7d-ac17-0c0aa74aaaf2,Cell,614-801-9788
411da556-f471-4ce4-8a9e-0cc7809777ca,Cell,505-977-3911
dee52f02-0197-4584-bce2-8c22ff9192bb,Cell,201-709-6245
960db418-4122-4629-b95c-3e00808294cc,Cell,732-924-7882
addbd8f1-ffd6-43e5-8888-2e15a0326f9c,Cell,212-860-1579
975c0f51-8669-44d9-a99e-ec786b00754e,Cell,504-979-9175
8a156e48-5c71-478b-b5ce-4b336afb7e7e,Cell,212-675-8570
142a7c26-47c5-4d44-96d9-93b6fbf8095a,Cell,805-832-6163
21012fa9-f7ae-4740-9929-5e78e4c03f41,Cell,210-812-9597
021b2e26-cb43-4fc8-b734-9f1fd345d2a0,Cell,785-463-7829
acea702f-6a01-431b-a743-b5bb955fc090,Cell,541-548-8197
a6197e9b-4220-4b6d-b1b2-1b9582fb13c5,Cell,913-413-4604
0db7c1b4-26a5-489a-b91b-b2b064953912,Cell,907-231-4722
1830132f-2e43-4f28-a0d4-7f089485e7d5,Cell,305-606-7291
473eaedc-3da8-4c9f-950d-9c6d448af77d,Cell,907-741-1044
f485bd06-1c06-4ebe-87e9-1b7730d45d86,Cell,952-768-2416
22f4ed13-a271-4cb8-b1e4-dc4c921eed7e,Cell,617-399-5124
e4300b5f-bc3b-4314-bae7-5bff8f3b6bce,Cell,323-453-2780
faebf06a-9fca-4eae-9c75-74bed8f0072e,Cell,608-336-7444
658b12b3-e456-48e4-b2a1-f72fb3243ab1,Cell,215-907-9111
c1eea02c-def2-4292-9b5b-2436ce7a1be7,Cell,212-402-9216
d45c3e5a-9bab-40da-a222-3d65c1bc4705,Cell,931-875-6644
c25221a0-e53c-4ad0-8223-f38144d947ca,Cell,803-925-5213
44b62ff7-1946-432c-938e-3018b037ffcd,Cell,610-814-5533
70c2e6f3-50c2-4619-ad43-d12f16ca448a,Cell,908-877-6135
16f1acd8-9685-4d5c-a8ef-6f08a776f4cb,Cell,516-968-6051
3ad7deb4-9f71-49b4-8cc8-3575f2e92ffa,Cell,215-934-8655
40479913-7e03-4e74-bdf9-0690e1b9fbfd,Cell,818-423-4007
52e143da-6902-4022-bebb-5780155e3091,Cell,401-458-2547
526ea4c6-3d96-4dd9-881d-a4a921896ec6,Cell,215-211-9589
04a14790-1363-4f8c-a5d0-aac0bbec47aa,Cell,401-960-8259
0ada82ea-3312-4835-8308-85e39e9bea5f,Cell,732-234-1546
0ead224e-5e34-487b-9a90-5196c09b14e4,Cell,512-486-3817
71828e58-9f04-45b4-924c-8f6295d1d505,Cell,303-724-7371
6cc456e4-8bbf-428a-8278-569a2e611c2d,Cell,414-748-1374
a70ef5a9-dc4f-4460-ae21-c81517d35cdf,Cell,212-674-9610
ac9c2afc-a744-4cc5-a718-df270d094d98,Cell,907-797-9628
dc3c62a8-82a0-45eb-bb78-969ba51c6c3c,Cell,814-393-5571
a87e1812-0e0e-46ad-9ea1-c64eb2863952,Cell,410-914-9018
67cfecdd-1ed6-41d5-8dd8-4888d58dc518,Cell,208-862-5339
f1e64fac-38d5-4f64-be6e-41f58f0a6a29,Cell,415-315-2761
49d19c22-33b2-4270-bfbf-ddc2c7f2705f,Cell,919-225-9345
2003909e-2918-45b4-b6ed-860e2ebb0196,Cell,650-528-5783
d9361f06-3ec5-4bfa-8ce4-233d2acc9599,Cell,925-647-3298
6a1a2726-af3d-46a9-b6e6-bf59c825759d,Cell,740-343-8575
5198446b-ad85-4ac3-aa5a-6f93edb3880b,Cell,585-866-8313
22433c7e-ea71-496f-a3d8-6d099f18d891,Cell,410-520-4832
27190d47-a0d7-4f0e-967a-83a253ec7688,Cell,973-354-2040
fa85b87f-944d-4d5c-b45f-d9d181d80519,Cell,773-446-5569
0e77ea55-76ae-4f18-83dd-dc7451a05486,Cell,973-927-3447
e59471c4-05e5-49aa-a5ee-f7d26fe6700b,Cell,505-975-8559
f315649b-1359-42f1-a1a7-f8aeae9fcd55,Cell,718-332-6527
559bbe2e-b286-42eb-af47-ae134488201f,Cell,904-775-4480
28462778-0f2b-4858-a082-09c2bf292c75,Cell,510-993-3758
0f127f77-dde0-4390-b17a-c457f1dc7996,Cell,216-657-7668
17639b29-37e3-4bb5-86ed-5c9e85d676a0,Cell,817-914-7518
5d41788e-57f3-43e2-b263-67e7973b5d56,Cell,310-774-7643
42d8dfa8-59a4-4062-9a75-622b990aaf1b,Cell,847-728-7286
a756436e-08b7-45ec-a6a4-764821da9a41,Cell,330-537-5358
701add60-3379-4cd0-bc20-35abe78b78ba,Cell,215-255-1641
3c58dbea-7a36-4095-a476-23179c621deb,Cell,650-803-1936
f9ea9f1b-7d55-465a-8250-eb128133fd76,Cell,626-572-1096
10874525-6d2f-47d5-bffc-154b46d1e09a,Cell,254-782-8569
0b9f4cca-483c-4daa-8774-0d4f4cddd3f6,Cell,907-870-5536
4ab77c75-e0b1-42b3-9ff6-1c445d9ed456,Cell,408-703-8505
e878cbd2-c4ef-4212-bf4a-48e688788f2f,Cell,510-503-7169
c01e0c6d-6a23-4311-b2b4-93b9e97dab9e,Cell,317-722-5066
6a43da27-610f-4801-b3f1-08007abe61be,Cell,307-704-8713
8de13f55-d60c-4ea3-b07d-26cef449ba8e,Cell,703-235-3937
ab7d0646-2cf7-4492-8d43-7ea8ca2597cc,Cell,504-710-5840
eaafa4c8-7625-4a74-ada0-7662fd42d508,Cell,303-301-4946
4be1596c-a67d-4bab-b2c1-7053cf1af48e,Cell,510-828-7047
bfaebeb7-5e46-441d-93d7-032841c1650b,Cell,808-892-7943
740fcd69-8f14-439f-a54f-ed08fe9ce1ac,Cell,952-334-9408
f9efd704-9501-4567-8f14-ad7a34de3148,Cell,336-243-5659
351a42dc-c4e3-4ac6-a621-9e1d2e1f41d2,Cell,516-509-2347
c0eed69d-d1cb-436c-9c43-cbbef819b897,Cell,503-939-3153
7bb5ed90-bcf3-4565-bb87-a7e2d32680ec,Cell,608-976-7199
08e57411-7e3c-4d43-9353-d590f269cd24,Cell,508-429-8576
9052300e-7d9f-4386-a876-3468af988e35,Cell,305-385-9695
d8e0b84c-0504-4d2e-b586-1095bba2c3a1,Cell,814-460-2655
13d33415-ed73-4f10-832a-766c2f478ba1,Cell,972-666-3413
c22d3bad-4beb-414c-b932-167a10e47226,Cell,931-273-8709
e2eb3731-0c42-4188-aeb4-4f6f0f84e64c,Cell,973-649-2922
85763026-0d83-4574-b841-08780adb0331,Cell,305-420-8970
5acef2d8-35a4-4855-be05-d426e2922e51,Cell,410-224-9462
edb8e29d-4cf4-4007-8dde-347998683e77,Cell,805-275-3566
cef4e500-bde0-4f48-9043-04125e2994ba,Cell,808-215-6832
34b9ff27-35d0-4a1b-9f43-786615c825d1,Cell,229-735-3378
189587f1-54e9-4a82-90a8-9378a01d440f,Cell,617-418-5043
07a54786-272b-4475-9edc-2e04520c95c5,Cell,201-672-1553
aa0bf607-abfe-429a-b6f3-5d50bcccf946,Cell,650-933-5072
c030d983-48b3-4b4a-b819-5893c682dfbe,Cell,909-639-9887
c42b429f-8317-49e4-ab59-912301c78450,Cell,510-955-3016
aa0300d7-94b7-457c-af4b-953bd8c4ed68,Cell,518-497-2940
2a136dfb-6dea-4e08-8555-8b70fe23891d,Cell,570-867-7489
508bfbfa-06f3-4770-8673-d6bab2fbede3,Cell,973-245-2133
32e0c8c2-4320-4b76-bd55-54f9f6cf34ab,Cell,908-409-2890
47273fb0-b48a-4845-9e90-5f0425c25b4d,Cell,321-749-4981
ef0ea390-7d19-4696-88ca-ef08bc4c33db,Cell,718-809-3762
0f670f13-9220-43a7-8b4a-2e29e962a567,Cell,808-315-3077
9f0b15ef-3179-48a2-9433-2b765ca56c53,Cell,303-623-4241
3621fc32-4409-4276-9917-75250a604b96,Cell,973-310-1634
2c6489db-848a-47d7-baef-2c57dbcda603,Cell,609-524-3586
b65eafb4-b2ec-4cd5-96e2-95ae5103c8c1,Cell,908-877-8409
9c3a0fa6-8e05-4924-a6f9-010fe5281c0b,Cell,508-584-4279
9fc83bd7-5a5d-4631-bb3a-2418cac0ca7a,Cell,773-775-4522
9685b050-cb53-43d0-89f3-653178f134d3,Cell,503-527-5274
bcfaed87-5f3a-452b-8d33-b071551239b7,Cell,214-339-1809
49acd48c-fc12-48b6-9d9c-327e37559c07,Cell,312-303-5453
ee827b5e-a52f-4240-8a66-59e09048f570,Cell,419-939-3613
c70f6ec2-0912-4440-b986-57f54aeffd68,Cell,951-645-3605
b9180cd8-7695-4a7a-b967-6ce091c1d838,Cell,254-463-4368
526fab8d-dee8-4666-824f-78cdfe6047eb,Cell,615-406-7854
ae47d76b-f83e-466e-9e69-6b53181a22b4,Cell,414-959-2540
a145c743-8d61-4821-869b-dcb6f7152c63,Cell,410-387-5260
af717e23-00c6-4ec9-86d7-deceec3e1f3a,Cell,972-934-6914
b1f2b0b1-e939-4fb5-aa4e-5f981e1a19bb,Cell,310-560-8022
df33c7a1-0455-441f-8982-6837c8a8adc7,Cell,516-948-5768
c26846c6-dc8c-4917-9c5f-f318fe156b38,Cell,609-518-7697
a542a2e7-cb12-4408-b0fd-bbaa27e799fe,Cell,513-508-7371
81b071c3-f09f-4efa-a3c8-d60ea8096ed7,Cell,541-326-4074
732d568a-ee6a-43dc-ab11-5a6da1d0c56c,Cell,919-533-3762
ea04d340-f714-4c18-afe7-177c3c197798,Cell,212-332-8435
96bc2ede-3eb2-4e24-8c91-ab3a7fc9c902,Cell,602-906-9419
79772787-4ac6-44d3-93b7-1df092ae607d,Cell,317-234-1135
f4bc5c5e-1461-493e-a689-aa65e7f84fc9,Cell,315-304-4759
9ae0aa49-132e-4528-82e8-c61540bab392,Cell,856-487-5412
3f5c662f-b494-414b-a015-62cea9ec6d1d,Cell,516-212-1915
9f6e0e69-30ab-4f41-90ee-7bb5ba6ed39d,Cell,501-308-1040
dd4f1f45-fd66-44ff-9771-9cdde016af06,Cell,651-591-2583
eae0f6ed-2ccd-4b7c-8351-5c6bbec5ac65,Cell,215-325-3042
db0774a7-9374-4f9a-938e-a23317459eeb,Cell,985-890-7262
e3072887-afd5-4f1c-94bf-1a4a48069046,Cell,631-957-7624
415018f0-92ad-42f7-a867-820a83e53a50,Cell,916-591-3277
6751673d-e73f-4efa-8f69-5592e1e7dd49,Cell,208-649-2373
80e19847-76eb-4e7e-bd17-a9d2de815736,Cell,512-587-5746
b906e3e0-fa2d-4dd8-b9be-2c230705fe59,Cell,215-964-3284
38a5a789-fee4-41ff-a61d-5e03be19058a,Cell,808-477-4775
02c6a7bf-6bb7-404a-8a3f-cf4245b78d9e,Cell,775-501-8109
c6adfcca-f5f1-47ba-9ae1-8addaf0e85de,Cell,847-979-9545
46b529db-9c4d-4ca7-a31b-bb3e3899def0,Cell,973-545-7355
d2fc8a95-e42f-45ca-9788-6ac94eb8f94c,Cell,864-256-3620
1b51ddc4-5d2c-4f71-bb39-c38ca0c6cf76,Cell,410-209-9545
0f7b3e7f-1d82-4d18-9fec-c939877cb5d3,Cell,914-855-2115
788d37a1-2da6-4eca-9d41-3651e6461d24,Cell,212-260-3151
320df645-7037-434e-a2d8-e08266d18067,Cell,510-677-9785
0c02c033-0e7f-4160-a575-ba71f83e8f90,Cell,978-697-6263
6647fe21-d48b-44dc-aa87-99a513c22867,Cell,415-767-6596
0a38de65-c4c9-4fe4-a33c-a0518456a4ee,Cell,201-971-1638
62589148-eaf2-410f-8f6e-a8348f24d08a,Cell,925-634-7158
56007fc7-16df-4b3e-949f-ebcd82b4b397,Cell,773-494-4195
761dc9e6-a0ba-4e67-9ec4-860a5772b605,Cell,973-943-3423
488ac626-de4b-4a42-a6ad-1fffc29f29fd,Cell,419-544-4900
a3fab974-610e-4d60-887d-08e95b08bd9d,Cell,310-579-2907
fa6b27b2-7107-462a-b927-dbbf29256fa7,Cell,352-242-2570
6d9dd486-679b-4dee-a453-546bac380e42,Cell,408-758-5015
02be165a-edfb-40b2-afd1-1753a2a80560,Cell,570-889-5187
6c59354b-05e9-4dbb-8854-dcd7204a0fa3,Cell,201-588-7810
953c9fec-131d-47ae-b806-7bafc8b1662b,Cell,925-615-5185
87826dab-a20a-48da-a72d-b92dfa7fe4d3,Cell,908-802-3564
1a751864-79a7-4162-93fd-31c00900a755,Cell,631-748-6479
e7269b0d-2850-4872-8a15-736c2e4806a3,Cell,805-690-1682
e2e06590-30b3-463b-9202-cb54a83aaa30,Cell,908-275-8357
fd993927-ed1e-4b68-95bb-5a94168920a5,Cell,503-940-8327
5b6f8f6f-b2b6-4fca-9720-52bfb87b6f6f,Cell,503-516-2189
9b62f167-b36a-45b4-b675-8da12f029c77,Cell,856-305-9731
c76c1f62-dd18-415c-915e-cec97c47a9ba,Cell,770-507-8791
1c460517-168c-410b-8c35-b21fbad1c1f2,Cell,904-235-3633
ad2297a4-d576-4e46-8723-db7ed4b25a1c,Cell,207-458-9196
3623aeec-1846-4112-b4f4-d484c64c884b,Cell,817-765-5781
2d23c36e-76b7-481e-9950-5d2bed84ff78,Cell,716-752-4114
403b27e7-2507-470e-bc16-69dc129cfe91,Cell,305-670-9628
62fd0ad2-f449-4ec1-905e-8e5d41a3908e,Cell,212-313-1783
520cbf8b-3d2b-425a-b3cc-b794e4ec9293,Cell,215-605-7570
53577544-5805-4483-b97c-21500634c08e,Cell,850-430-1663
286c3266-5a45-4437-acec-c905f2699d3d,Cell,415-306-7897
e196ecc6-d183-40d1-8ee3-6eff3e328034,Cell,408-504-3552
1cf8222e-0796-4b46-9500-5208118da67c,Cell,650-947-1215
1f0f5153-bf6c-41ef-ba80-396066091681,Cell,818-864-4875
65e776ea-d656-4248-b785-8fb6c7b48822,Cell,215-558-8189
88a4705b-6d7a-4fba-a679-15012a0b0714,Cell,337-253-8384
13aa70ed-18ce-4698-9439-f3874dcb7d8c,Cell,313-533-4884
bbdc6e85-fcb3-4d35-bea9-c2c2b9c92830,Cell,512-213-8574
0202802b-fb0d-40f3-9bd9-5c7754d8511b,Cell,214-428-2285
7b5d2c60-9146-4972-aedf-826a964ff3a9,Cell,206-697-5796
3e99966b-968e-4251-a490-9bbb446f3d84,Cell,610-476-3501
96596cf3-b659-4cb4-bf53-111d8f6c7d6f,Cell,215-372-1718
7956ce85-7995-434a-ba97-5dcf0e3aa1b8,Cell,310-858-5079
7474a209-847a-4a99-9852-57bbc3042cfc,Cell,707-653-8214
119766fd-3330-462e-b504-6c843f0892f1,Cell,407-808-9439
e52c547f-969e-4c72-990d-15bf480560f1,Cell,760-971-4322
9d89fcbf-5908-4371-9dd5-ff053b4ed6a7,Cell,508-837-9230
220ca737-cd99-4420-b46a-afaeebb8428d,Cell,936-264-9294
8e12db28-2efd-4e23-9126-204ffafec00e,Cell,414-214-8697
fadf6015-11bb-4088-9847-2dd2303b0193,Cell,626-636-4117
c172960b-d285-421c-b04c-7ee0c160a2be,Cell,914-300-9193
92283690-a6eb-4147-8ed8-3bdc59fb9bed,Cell,214-289-1973
eb8c12c2-81c8-4b80-b0ad-7dc4eb18077c,Cell,228-235-5615
2bde3e0b-346d-4b4b-b266-cdab3e08ac30,Cell,305-604-8981
2f3a5916-6439-49b5-8cf6-a002ea40454b,Cell,212-304-9225
00614ee6-8842-48d3-8a30-0e7cb8ab57b1,Cell,201-474-4924
fa3f57e3-3c09-4bd6-bb77-349d27d67870,Cell,734-928-5182
38515142-00a3-48fe-9888-a2fbbd0ad975,Cell,631-258-6558
aa947cf8-392e-48a5-989a-05f8874433b3,Cell,330-791-8557
6ac04764-0812-4870-a7b0-177add6e9677,Cell,203-506-4706
d6bccc2f-6085-4895-9d00-21614aef3fe9,Cell,703-322-4041
520fd3c5-0e2b-4efc-83b4-b22f3ea766a6,Cell,978-626-2978
6f29b51d-71b5-4c6e-b188-e55ab56d4bef,Cell,419-693-1334
9b14a88b-5822-45ae-aa5d-c4e9849f9f1e,Cell,253-660-7821
daa0754d-828f-4c27-8716-5670b3f09c3e,Cell,916-741-7884
72f07583-abad-4b4f-b46d-3e7b110157d6,Cell,307-342-7795
19f8a04a-a391-403a-aa31-e0e3f8c729e0,Cell,207-627-7565
d8ffbbcd-1eae-45e5-a874-2f75e4136cfa,Cell,215-491-5633
31f25383-4bf8-4c39-a152-8418b14d3510,Cell,813-769-2939
a3170acf-e1ea-4149-b10c-d1d4fc001cdd,Cell,619-608-1763
a4473993-156f-46a1-97e7-359cc8e23bb5,Cell,979-718-8968
5bf5e986-8071-4e0f-8896-e0fa2d3888d5,Cell,847-233-3075
99ba2f18-63e5-4639-8fe8-df1575165323,Cell,609-228-5265
5ebabfd2-61c2-45b9-863c-5fc305f65a3a,Cell,908-722-7128
9e84de98-740e-4136-adff-86d53c7b0e0a,Cell,718-560-9537
ffdf7431-69ae-4866-85c3-3baf821342d3,Cell,314-787-1588
b1d5de7d-0c89-476c-b0fa-f9e03b82b7d0,Cell,209-317-1801
3073d041-211a-4e29-bd9b-c5b61de94428,Cell,973-936-5095
231c558f-e128-4b9a-a607-8823b8ff9b73,Cell,317-578-2453
9555e268-7fd0-4601-80e7-99fa0c2bebe4,Cell,206-540-6076
f48a50c6-dd81-4514-a402-71e774a21c57,Cell,336-822-7652
81f1049c-a27a-433c-81fc-61f31f0da052,Cell,785-629-8542
8f536640-c9fd-43de-9374-7d40411009b9,Cell,407-471-6908
f7b08972-fabe-4d3a-ba80-a0a059975709,Cell,612-508-2655
18f7e524-a6c4-449b-a83e-83fc5408146e,Cell,803-352-5387
1782f637-8fe8-4e4b-a924-806ecccf93a0,Cell,707-300-1771
9c8ae162-fac0-47e5-b48d-f7c97f6d7f8c,Cell,847-222-1734
547dab59-8dd1-428a-a881-5a77b50b05e5,Cell,949-867-4077
759f019c-4b75-4a32-a22e-0edd24f1b318,Cell,303-404-2210
5a690772-3b3f-4d1c-ac49-971be027f221,Cell,203-801-6193
0dae2baa-3ae4-497f-bb62-39083e7656ea,Cell,425-986-7573
77e401d2-3840-4f95-9dbc-09883fd4febc,Cell,440-989-5826
9cd08f30-8cf6-451e-adfa-a494df3aef84,Cell,603-315-6839
8f2cac9f-1da1-4285-8cae-e29422dd319f,Cell,321-518-5938
35835b17-5a44-4793-9189-1227d90b2fb1,Cell,212-792-8658
4c5bed68-decc-485f-9a4b-d2bc679324bb,Cell,714-584-2237
6115a2a0-eeb8-4dff-be16-2560f8c1311f,Cell,248-913-4677
b519db47-a487-4b92-9059-845d47b183a8,Cell,317-825-4724
3d1c7bee-f6b0-4e50-b233-18700223a63d,Cell,940-276-7922
5144f099-24f9-4803-8371-478e1432e413,Cell,203-721-3388
85843149-0e4a-4630-8281-60ac6adaba8f,Cell,410-739-9277
57a20375-21d6-43b6-a52b-5c62eec32f76,Cell,504-463-4384
c0454452-058c-492f-a050-03208b1e83af,Cell,804-550-5097
b89aada9-7c7f-4c0d-a60a-accd85b9efd2,Cell,215-979-8776
465d6829-d1ee-41dc-8346-37dbc184147b,Cell,952-651-7597
6593256d-b2ca-4a58-a3ec-7f559c6fcc5f,Cell,305-936-8226
8b4e0c9f-158d-404b-bbde-45bb5c1ccb0d,Cell,414-263-5287
8cb77c37-67a3-4d5e-a074-21e0f6a0714d,Cell,732-941-2621
afb24d2a-760c-491f-b9b2-36fff2656fe1,Cell,701-898-2154
2ab760db-98a2-4a74-ab3d-d22a4b9112a5,Cell,775-638-9963
e90ab292-e51c-456a-b7ce-e925b39dfa6f,Cell,602-954-5141
df321a25-c7e7-41a5-aae4-46d0061c02c9,Cell,615-390-2251
94d7da5d-e5a6-4b6c-8dfb-12c93196031d,Cell,410-351-1863
eab41d68-99d2-4336-9db1-5462a154d6f0,Cell,212-870-1286
693cc5ca-7608-44e3-a05f-0355d4a64268,Cell,806-703-1435
c19c79b6-6f51-4220-9d93-928d5a899cb3,Cell,323-765-2528
963771d9-4cef-4a9b-9920-3b469522f8a8,Cell,619-509-5282
fa73a14a-8646-47a5-9b9f-778929a787a3,Cell,770-732-1194
ae021ad8-8a98-4358-87bb-3b45d33b535b,Cell,508-769-5250
40d6dd6d-ddb0-43a6-aa1b-0f1a6b098dc7,Cell,269-756-7222
515a0051-2579-497b-bbb7-838228b0e075,Cell,973-714-1721
0f0d8817-7fe6-44a3-9896-6c770756e8f5,Cell,337-740-9323
64afc671-c4ab-4be2-9f97-7373f27ae725,Cell,717-491-5643
a16f7248-3482-4006-a9ff-7e53c4766ce2,Cell,314-359-9566
3c1268f3-4c17-4178-a09b-34654b76071b,Cell,817-213-8851
0ca31326-e27a-4436-bdd3-70c5bcd69910,Cell,813-932-8715
586e615b-f49e-4efe-901a-9bb2734c9830,Cell,770-679-4752
1369420b-3ee9-42cc-878a-16369e74c55c,Cell,760-938-6069
ec0f52c0-a986-44c0-9b09-7ce2f11ed202,Cell,517-906-1108
692ada47-7949-458c-99e5-b10735a927a8,Cell,602-390-4944
200586c5-2d1a-4f0f-ad57-ae7245321270,Cell,207-295-7569
15c78959-8460-4567-b2b6-ab0cb77dd900,Cell,301-696-6420
8e4f5c14-0732-46fc-9da7-345c194056cf,Cell,717-809-3119
9179e8e8-12cc-4059-bf39-a6295a5c9772,Cell,972-419-7946
8242f1b0-637c-4d00-8a70-3a4e5e933e4f,Cell,406-318-1515
791a56b6-caab-4f73-bb68-381ba2ac6224,Cell,973-767-3008
4a6c5eba-8fed-4de0-9470-08e37461af68,Cell,248-980-6904
47619110-376b-41b7-8e6a-ef01c4555c96,Cell,216-923-3715
fb6935b4-838d-4388-9311-c37de1a734a9,Cell,325-631-1560
bcacc1c1-5a2b-4b02-ba80-c736ccf405e2,Cell,817-526-4408
9dd9cf24-26b0-411f-9ea1-976f4af66811,Cell,718-201-3751
9a12c81a-ad09-4077-b02b-96a396957ced,Cell,401-893-4882
3df4d73a-1930-4c4c-bd26-a77daf1605ca,Cell,717-885-9118
edd1e223-7096-4a26-8dfa-599e48a79d03,Cell,401-948-4982
f51757bc-bcd7-4419-8660-97cc3d4822d5,Cell,305-622-4739
16e5dca3-c462-498e-ac0d-425530baa234,Cell,201-832-4168
1da65ab0-c8a9-4f37-9e07-4d532ed5ad06,Cell,210-856-4979
fbca10d4-f83a-4087-988a-cecc59ac4fc1,Cell,718-478-8504
6b7c37ea-63a3-41fe-8cfc-d6ad14abfba3,Cell,909-993-3242
1d70dfb5-6c6a-4520-a799-24d12d4af6a4,Cell,216-230-4892
8e34eb54-398f-41e4-a0e0-b8d55941fc19,Cell,212-304-4515
bba66694-15ed-407f-a1d2-6190c56b43d9,Cell,804-762-9576
a1435682-7947-45d9-8caf-de0016696975,Cell,706-221-4243
10ede64e-6368-487b-9836-b7f915fd7c51,Cell,337-515-1438
60077096-f61d-422f-af17-16f1b7983a05,Cell,973-544-2677
b0a76c03-0d73-4e4c-b0c0-40a793625c45,Cell,607-407-3716
6c847924-2ddb-447f-909a-09dd71cd712f,Cell,973-412-2995
26cb0b00-f164-490d-a125-8d8c74e7bda0,Cell,208-252-4552
fd51fdb2-82c9-4bbd-945e-536c6f4b12a8,Cell,415-411-1775
3e1bb49f-0004-47a6-9223-96f501c8bbf5,Cell,508-942-4186
4673a705-6df0-4f7f-b789-fe2e589b65cb,Cell,248-357-8718
c6727bb8-6ba3-4c50-8c42-0f5902427265,Cell,920-353-6377
d0a256da-4df0-4f10-a33a-e870692ab629,Cell,410-665-4903
0d57cb3a-c736-4b62-a995-31446b9778bc,Cell,719-669-1664
f92b1614-1d20-4056-9c48-64fa653dcafa,Cell,419-588-8719
19054f0d-873d-4b3e-8898-52c09107121d,Cell,301-998-9644
1c4b781e-3c7d-4df4-92af-eef2f2aace7e,Cell,508-855-9887
77f89042-2c87-4108-8d82-cf36c97933ff,Cell,703-483-1970
fbd688c0-35b8-4f2f-8efc-144fdb33925d,Cell,410-678-2473
b0c79662-622b-4afe-a946-9763a478138a,Cell,512-223-4791
6745d081-cba7-45c4-847e-f804a21273c3,Cell,623-461-8551
00b04c9b-b8fd-4a0e-89e7-7ada002ce9a3,Cell,419-571-5920
c074da89-4ca5-45b0-8e19-91a22ecc0ad2,Cell,206-311-4137
acbc1a45-4269-421d-85fb-7486d1ee9b2f,Cell,513-617-2362
bc3fb088-4b2b-46a6-882d-1445bc595189,Cell,812-368-1511
dc49baa9-c3e6-4424-b433-e4a6e8b3e7a0,Cell,847-353-2156
7a853929-215e-4cf3-bb5e-3c5bd8d45d91,Cell,718-232-2337
d4993c84-6e70-44cb-b18a-c5b73b861cac,Cell,407-446-4358
a3fa38e1-5c77-4498-98de-245411eec4f6,Cell,310-820-2117
7cc8f6e0-3725-4ff6-8365-e1b63df3321c,Cell,813-797-4816
aa701434-4fa9-4274-aeb8-b3b16ab7e397,Cell,915-452-1290
68cbd1a3-8a36-4602-9842-9e074d34d05b,Cell,619-603-5125
fefef804-2834-4260-b852-017d9c5872cf,Cell,301-841-5012
ea0c5a43-d3f8-44c0-af72-6c00c0011560,Cell,714-523-6653
d70c71cf-d75f-4432-94ff-4080aad089ed,Cell,314-732-9131
da3a22f1-c299-4289-96fc-8ac485248f17,Cell,512-233-1831
2b0c052e-ba2f-4ccc-8740-1a0f71a78682,Cell,336-670-2640
a22c3088-de3a-437e-8f17-439afa291230,Cell,631-443-4710
192302eb-693e-4158-9cc6-8a92c062cd36,Cell,201-825-2514
fd08a6da-094a-4761-a58b-f43b6a0d5bc8,Cell,901-412-4381
fa101e0b-d31d-4bfd-8044-c0059d4a2db5,Cell,404-505-4445
1bc5dadd-b3d1-4cfd-94d4-89e94fa9b87e,Cell,650-473-1262
23282578-afb4-48d9-a1a7-7908f9bfd533,Cell,952-702-7993
fcb96274-20bd-49d1-9260-bce2d616bfa0,Cell,480-726-1280
ff501966-0871-4797-b085-f3d58b05b07e,Cell,718-976-8610
5d3ab715-ff3d-4441-9bcf-aa4debc135f6,Cell,770-844-3447
5d5bcd67-5b57-434e-af31-f9a30af44478,Cell,507-210-3510
0588c0bc-4676-4969-a6cd-dc46fb6ca6ff,Cell,203-461-1949
8876026a-02e5-4a99-84a7-bfde07b6a26f,Cell,260-273-3725
e67283c5-3beb-4b8d-bcdd-a2ba1d3e4adb,Cell,601-927-8287
1f29fe64-a077-412e-bf88-c32905f1b197,Cell,586-970-7380
8a8d8953-5ac3-4b6a-8569-4d4459ed74d3,Cell,719-853-3600
67eb5014-cda3-4653-a61f-70eab2789ceb,Cell,212-745-8484
46b10d31-9fe8-4d66-a74f-482d1e4df61e,Cell,510-686-3407
f7657344-e2a7-4a7d-ab90-d8c5b648d199,Cell,773-704-9903
cdce2b67-4725-42db-a839-ddf6c0a72091,Cell,570-218-4831
d1bbfbeb-b0c0-4f76-9d95-00ac696310a6,Cell,530-986-9272
07578e3b-198d-4e56-93a2-be33bea84d37,Cell,845-823-8877
dc8c2e96-f14b-475d-99bf-e35bb5aae0e9,Cell,216-600-6111
4dd9af47-765a-4221-849d-1a7428b74ffc,Cell,973-852-2736
2c53ed08-2d42-497b-a439-2c1ad1a45e34,Cell,907-435-9166
9a6432bc-8246-4f3a-9bf7-27ba229417c5,Cell,215-268-1275
3de38d35-e533-46f0-92b2-749cff6d3b3a,Cell,513-977-7043
7fb3cb86-8a32-490b-af2e-3c81f071d5f6,Cell,310-699-1222
68b45dfd-8850-4cc6-ac56-7d1f48bfac4d,Cell,515-370-7348
b1529c22-6910-4735-9203-b3dc677bd2a6,Cell,610-809-1818
727f2e10-0021-45c0-80ff-606d2672f15c,Cell,919-623-2524
7cbfc312-916c-4b32-8b1b-72b454eebd57,Cell,509-695-5199
40d76ad5-ab1a-4d20-8a30-38d921989198,Cell,914-868-5965
1dd6c722-1726-4f45-b9dd-27602f7a38f7,Cell,410-757-1035
42b792fd-a5a0-4ce4-a1e4-a1e0e755ca7a,Cell,516-847-4418
396c427f-ddc2-4d08-ad54-03cd40fc1d6a,Cell,508-456-4907
d8a255c4-d885-42bb-8c87-8c346e2ef3e0,Cell,918-644-9555
f80fff03-54d4-46fc-803f-d3172ab3205f,Cell,231-467-9978
93068902-f21b-4fe1-90a1-a85113d3f65e,Cell,337-566-6001
b7dc8054-263f-496f-a0d0-a4f9790f41c3,Cell,419-975-3182
957060f8-e901-4cef-928c-46815795c017,Cell,619-461-9984
ad6b45fd-7935-4866-8c5a-7afa08c109a5,Cell,203-892-3863
f49e56cd-ee8a-4409-b469-3c118dfc90a0,Cell,201-920-9002
203d2cad-2494-4b7b-ab50-c342057438d7,Cell,330-903-1345
01e490fa-28f6-4a70-a6f0-c8b9716d4931,Cell,201-238-5688
54c40079-4ff5-435c-817a-759f93815419,Cell,616-737-3085
8f7ae606-89d5-4b70-aba0-23e89c665f7f,Cell,601-567-5386
ec2351c0-4640-44a0-abea-27cfade59d7b,Cell,901-640-9178
11ce0afd-00a6-476e-b131-c7fbb6b6441d,Cell,303-402-1940
a80bcd2c-bb36-4bbf-8380-91cf95ecba64,Cell,901-901-4726
4b0bbca3-caff-4156-8c89-5d83c6e63b16,Cell,626-866-2339
e82529dc-2e0a-46ca-9438-f71533bebe9b,Cell,773-225-9985
3e33841e-791b-438e-b84c-cb11703ec50f,Cell,718-228-5894
ad462ae2-c7d7-451b-97a2-15521023916c,Cell,509-755-5393
e1a1a5e2-fe3c-4ee0-9711-8ac77f80da3c,Cell,410-890-7866
a2821f6b-9cd2-4c98-8eb7-ad57f35f56ee,Cell,973-860-8610
b1b87779-996f-40cf-b685-67b4af94bea2,Cell,562-579-6900
5d110166-686c-4ae4-8915-9fdf6f23b248,Cell,732-628-9909
73c81b76-91d4-4935-894c-53b4edda0864,Cell,973-210-3994
ad433b02-352f-44d4-9c45-f4bcf7f17326,Cell,303-776-7548
7cdfcfe9-fbb9-4e5a-ade7-d89cfccdd583,Cell,757-682-7116
10924d02-2da5-4797-a194-1f85dda5e029,Cell,602-919-4211
78b78508-257b-4195-ac23-cbdb28bc16fc,Cell,305-968-9487
c4f49129-e723-48b9-97cb-f064502ff18b,Cell,602-896-2993
24fced80-8fc0-4388-a8ab-22cb7d93c9af,Cell,386-526-7800
a38a63a7-296c-4c2e-a36b-0284133ccd68,Cell,415-331-9634
e081514d-805e-4660-88ca-95b4bf776eb6,Cell,858-793-9684
e78cab8c-a44a-4f0d-895a-98dc8c5feb57,Cell,201-991-8369
879632c1-8f04-4511-a46f-089fe2d0ea27,Cell,909-430-7765
e872f81f-2238-466f-a102-4bbe657b34b2,Cell,617-365-2134
72d68231-8bbd-4ca0-8564-6a1056426220,Cell,760-291-5497
c72f579b-f623-4c75-b5a3-b935c1918ada,Cell,310-510-9713
ecca8bb0-5e97-4007-afc5-16d63bddc8f8,Cell,717-528-8996
2a5401ae-3a12-4664-b29c-c8c776410ffc,Cell,480-293-2882
2905e8b9-b768-4ec4-83db-f029eff5119d,Cell,561-470-4574
14e7c3a8-9609-4785-b982-8202177a129a,Cell,615-246-1824
efbd8051-f81b-46c0-b231-309abe8474d2,Cell,859-717-7638
4532d625-1018-4cde-85e2-9db181b8d218,Cell,734-561-6170
14848f3b-61d9-467e-8733-2235d76967e3,Cell,936-751-7961
52b12bdd-4812-4a75-9016-796b5d0ec7e6,Cell,973-482-2430
f99a4528-26b2-4dbc-ac3d-ce37aa5cdc6c,Cell,201-693-3967
cf3d8f5e-fc8c-437f-8efe-f0ad7ba29574,Cell,305-988-4162
4fee818e-57f6-45cd-b528-0a60078480e4,Cell,931-553-9774
9cfe0fb7-770c-4caa-bb54-128a80f937dc,Cell,714-771-3880
1c978d3b-8e60-4059-9623-53d67019a983,Cell,847-633-3216
5820a39d-6879-4879-b72d-d821e4c0add0,Cell,215-888-3304
5e4420ac-03a0-4720-9a33-47c017fabce8,Cell,973-654-1561
0ccfae64-eebd-466a-9ac9-bf3eac63ba86,Cell,814-865-8113
607a636c-b5ed-4625-af1f-2d0c33600b4b,Cell,801-293-9853
31a6a2b7-9df4-468d-993e-b6fcaf7f0ee6,Cell,910-922-3672
4f7266af-5146-4f73-900c-20c1b97935f2,Cell,213-975-8026
143855b0-5bec-474a-ab1b-a42b44ea7fd8,Cell,517-499-2322
97237b32-78ae-47b6-8257-88b2b2d86d99,Cell,315-818-2638
0907136b-0ce8-4df1-92db-ec529bb82fa7,Cell,574-656-2800
d82ceee5-6b17-4303-a35e-7bca603685b4,Cell,407-312-1691
3aebfc6b-7aac-4be2-b509-33c3b0739113,Cell,973-751-9003
b7b8abe7-79a0-4030-ae99-150c673eece1,Cell,609-200-8577
4392f251-21e5-4e66-9f2f-cde724d93a7f,Cell,608-382-4541
d11e7960-33a1-463b-99d6-b59935f038c7,Cell,914-861-9748
30ed0639-db61-489a-b012-3db10287fedf,Cell,336-370-5333
fb98548a-6750-4a83-8734-f11d16309cc7,Cell,410-473-1708
b2a3794d-0fc6-4445-a319-cbb550eb8fd1,Cell,732-730-2692
55ad5265-89d5-4df5-a525-9d1e99ae4051,Cell,830-258-2769
72eaf0e7-10d5-408a-95d2-f27e591e7218,Cell,847-519-5906
8a53c120-b37b-46e9-ab2a-14bbee6b6de3,Cell,732-605-4781
cb77a8c7-0ac5-4683-87e9-6f4478324629,Cell,402-896-5943
c2868a56-8e16-4c38-b1ce-8cf825f07f5b,Cell,703-221-5602
2ce81d9e-2bc4-4a7e-ba4a-2c0e75c8bb9c,Cell,972-558-1665
8eec39ed-65a3-4a8b-bd12-67de1a496191,Cell,212-510-4633
e94478b8-114a-4fe9-a241-41ee7e1e2799,Cell,516-816-1541
aef9bd3a-735b-4f1c-a932-934e8aeecbdf,Cell,352-598-8301
54d495f0-2026-4a69-85f6-75e4ef97965c,Cell,317-542-6023
65b8aa8f-a4dc-41e4-922f-1ff97e09de8f,Cell,816-557-9673
b16ddd63-4a59-48e1-a31a-5cb6758fb184,Cell,601-234-9632
1800eb0f-148a-40b9-8e5e-4af171ac65da,Cell,325-869-2649
fc3417b5-aca2-4330-9e23-5b2f255a45b3,Cell,408-805-4309
bac7a4ba-8a13-461c-bfcd-98f738f91973,Cell,856-312-2629
1a0c6937-2de5-4bf7-98e7-fb4e68cde6e0,Cell,510-974-8671
a1da3e64-58e9-4c70-8bbd-9dfc8128b75b,Cell,407-538-5106
9f4e5ea3-9d71-49ca-b683-66734bc69a69,Cell,307-403-1488
f9eadc15-2853-4ddb-9704-bf51fb679214,Cell,516-393-9967
3b35d4fa-e22e-44f7-b121-5e8d0f153746,Cell,608-967-7194
0be9e07e-29fb-4bae-a4b4-0f6aaf616ea7,Cell,201-431-2989
c08bf3ec-b0d8-491a-80da-169cbf5db6fc,Cell,570-648-3035
c5dd1901-495e-4f9c-82bf-044289a6f8cc,Cell,858-617-7834
294cb35a-2e58-4545-a00e-ba59fd9d2ca2,Cell,760-616-5388
4a7c4d2f-f708-4b74-8303-011f97abade3,Cell,609-373-3332
9df72960-6b2d-48d9-91b5-bcefec861b8c,Cell,401-465-6432
f8c8389e-dc8f-4688-a77d-8d0cd202ca5b,Cell,785-347-1805
afbb83cb-ae47-4308-b9e0-30728b7477b3,Cell,916-920-3571
6d806fa4-321d-4d02-95d4-65e8ac17186e,Cell,386-248-4118
26cd7f21-836e-4243-9acd-42e9f96b7c90,Cell,202-646-7516
d086e063-bf97-4903-b258-353e247d67a6,Cell,415-423-3294
a36ea4e4-5f4c-43e8-b1f4-74508f74f095,Cell,208-709-1235
57a3c57d-f9f6-4cec-a977-e4ec6ad9b29b,Cell,574-499-1454
787e9600-f816-4ef9-b978-830cb0ba9e74,Cell,308-726-2182
c932d846-dc91-425b-89e4-c8a23e935cab,Cell,206-711-6498
0f7f18b5-b136-4111-a878-445619d51ec6,Cell,407-413-4842
138b20d9-7c9b-45a5-9f1a-4f7ab86ce265,Work,504-845-1427
7413d3fa-19ad-4d03-b423-17263d2f70c9,Work,810-374-9840
700f1122-89e1-4f6a-aa45-eeb229a53997,Work,856-264-4130
a9e76ce5-8f1b-40dc-a2d9-435d29390185,Work,907-921-2010
f9334eb4-a51f-4224-b9c1-33b7a05be29b,Work,513-549-4561
dbc7311d-98c5-4270-b0a0-e2d47391073b,Work,419-800-6759
bec07258-ff08-40ad-8b5c-18a0fb42eef4,Work,773-924-8565
4678fc5f-7d94-4fea-a919-e8e9ff097f83,Work,408-813-1105
281f6d4a-557f-4b57-9bf4-a9809d44ec95,Work,605-794-4895
86e34783-dbb1-4119-a30e-0e709d3a70bb,Work,410-804-4694
fb32a0a2-e3bb-473a-a785-5c04cdde93fb,Work,215-422-8694
5e05e1de-c7b2-447f-b7f7-c40a1c93f59d,Work,631-677-3675
dd80991d-f862-4779-b8f1-3f451f6df02c,Work,310-254-3084
babf40e9-bff0-4ba5-82ec-769ba70f1956,Work,440-579-7763
2725a407-de99-446e-afed-5f5574db418e,Work,956-841-7216
f54685d3-c7fa-40a6-87b9-30b97fb27992,Work,602-953-6360
3b48f481-a62a-4108-8789-345685e2c67e,Work,931-235-7959
7d923c7a-e76c-49ba-a679-a58432e35c3b,Work,414-377-2880
3fe4e9dc-d356-48be-b921-93eedea91175,Work,313-341-4470
bcda638c-c8aa-415b-91a6-fed937b9d4a1,Work,815-426-5657
a33b256a-00c5-4ce8-9be3-d7664f655928,Work,610-492-4643
6a1dff44-a0aa-429f-b973-2c679536e4a1,Work,408-813-4592
d88160a5-b5fb-4b00-b5f9-800ca69163c6,Work,972-896-4882
6ad19887-0fa5-4538-a00e-5e04c1a7cc03,Work,518-448-8982
4efb1625-accb-4966-99bf-3b5e5018d481,Work,732-635-3453
bae1522a-8c4a-427b-b825-5d547f761624,Work,715-530-9863
b1ad9ab5-b55a-471f-9d8f-9bd522f5bdc7,Work,913-899-1103
c6f3e7e7-2be5-4fca-b841-fffe4e566ef7,Work,410-235-8738
29d9f90e-6499-434c-8e16-d7fee57752e0,Work,212-934-5167
63728146-1de8-4e07-b5ae-5372673a67bb,Work,936-597-3614
b31d4f4b-6b9a-4c7d-ac17-0c0aa74aaaf2,Work,614-648-3265
411da556-f471-4ce4-8a9e-0cc7809777ca,Work,505-335-5293
dee52f02-0197-4584-bce2-8c22ff9192bb,Work,201-387-9093
960db418-4122-4629-b95c-3e00808294cc,Work,732-782-6701
addbd8f1-ffd6-43e5-8888-2e15a0326f9c,Work,212-753-2740
975c0f51-8669-44d9-a99e-ec786b00754e,Work,504-265-8174
8a156e48-5c71-478b-b5ce-4b336afb7e7e,Work,212-569-4233
142a7c26-47c5-4d44-96d9-93b6fbf8095a,Work,805-609-1531
21012fa9-f7ae-4740-9929-5e78e4c03f41,Work,210-300-6244
021b2e26-cb43-4fc8-b734-9f1fd345d2a0,Work,785-219-7724
acea702f-6a01-431b-a743-b5bb955fc090,Work,541-993-2611
a6197e9b-4220-4b6d-b1b2-1b9582fb13c5,Work,913-645-8918
0db7c1b4-26a5-489a-b91b-b2b064953912,Work,907-335-6568
1830132f-2e43-4f28-a0d4-7f089485e7d5,Work,305-995-2078
473eaedc-3da8-4c9f-950d-9c6d448af77d,Work,907-227-6777
f485bd06-1c06-4ebe-87e9-1b7730d45d86,Work,952-479-2375
22f4ed13-a271-4cb8-b1e4-dc4c921eed7e,Work,617-997-5771
e4300b5f-bc3b-4314-bae7-5bff8f3b6bce,Work,323-315-7314
faebf06a-9fca-4eae-9c75-74bed8f0072e,Work,608-658-7940
658b12b3-e456-48e4-b2a1-f72fb3243ab1,Work,215-794-4519
c1eea02c-def2-4292-9b5b-2436ce7a1be7,Work,212-617-5063
d45c3e5a-9bab-40da-a222-3d65c1bc4705,Work,931-303-6041
c25221a0-e53c-4ad0-8223-f38144d947ca,Work,803-681-3678
44b62ff7-1946-432c-938e-3018b037ffcd,Work,610-379-7125
70c2e6f3-50c2-4619-ad43-d12f16ca448a,Work,908-470-4661
16f1acd8-9685-4d5c-a8ef-6f08a776f4cb,Work,516-333-4861
3ad7deb4-9f71-49b4-8cc8-3575f2e92ffa,Work,215-329-6386
40479913-7e03-4e74-bdf9-0690e1b9fbfd,Work,818-749-8650
52e143da-6902-4022-bebb-5780155e3091,Work,401-559-8961
526ea4c6-3d96-4dd9-881d-a4a921896ec6,Work,215-417-9563
04a14790-1363-4f8c-a5d0-aac0bbec47aa,Work,401-300-8122
0ada82ea-3312-4835-8308-85e39e9bea5f,Work,732-904-2931
0ead224e-5e34-487b-9a90-5196c09b14e4,Work,512-861-3814
71828e58-9f04-45b4-924c-8f6295d1d505,Work,303-874-5160
6cc456e4-8bbf-428a-8278-569a2e611c2d,Work,414-573-7719
a70ef5a9-dc4f-4460-ae21-c81517d35cdf,Work,212-462-9157
ac9c2afc-a744-4cc5-a718-df270d094d98,Work,907-873-2882
dc3c62a8-82a0-45eb-bb78-969ba51c6c3c,Work,814-420-3553
a87e1812-0e0e-46ad-9ea1-c64eb2863952,Work,410-937-4543
67cfecdd-1ed6-41d5-8dd8-4888d58dc518,Work,208-737-8439
f1e64fac-38d5-4f64-be6e-41f58f0a6a29,Work,415-604-7609
49d19c22-33b2-4270-bfbf-ddc2c7f2705f,Work,919-715-3791
2003909e-2918-45b4-b6ed-860e2ebb0196,Work,650-811-9032
d9361f06-3ec5-4bfa-8ce4-233d2acc9599,Work,925-522-7798
6a1a2726-af3d-46a9-b6e6-bf59c825759d,Work,740-526-5410
5198446b-ad85-4ac3-aa5a-6f93edb3880b,Work,585-498-4278
22433c7e-ea71-496f-a3d8-6d099f18d891,Work,410-957-6903
27190d47-a0d7-4f0e-967a-83a253ec7688,Work,973-847-9611
fa85b87f-944d-4d5c-b45f-d9d181d80519,Work,773-352-3437
0e77ea55-76ae-4f18-83dd-dc7451a05486,Work,973-796-3667
e59471c4-05e5-49aa-a5ee-f7d26fe6700b,Work,505-950-1763
f315649b-1359-42f1-a1a7-f8aeae9fcd55,Work,718-654-7063
559bbe2e-b286-42eb-af47-ae134488201f,Work,904-514-9918
28462778-0f2b-4858-a082-09c2bf292c75,Work,510-901-7640
0f127f77-dde0-4390-b17a-c457f1dc7996,Work,216-733-8494
17639b29-37e3-4bb5-86ed-5c9e85d676a0,Work,817-451-3518
5d41788e-57f3-43e2-b263-67e7973b5d56,Work,310-968-1219
42d8dfa8-59a4-4062-9a75-622b990aaf1b,Work,847-957-4614
a756436e-08b7-45ec-a6a4-764821da9a41,Work,330-700-2312
701add60-3379-4cd0-bc20-35abe78b78ba,Work,215-228-8264
3c58dbea-7a36-4095-a476-23179c621deb,Work,650-216-5075
f9ea9f1b-7d55-465a-8250-eb128133fd76,Work,626-696-2777
10874525-6d2f-47d5-bffc-154b46d1e09a,Work,254-205-1422
0b9f4cca-483c-4daa-8774-0d4f4cddd3f6,Work,907-914-9482
4ab77c75-e0b1-42b3-9ff6-1c445d9ed456,Work,408-440-8447
e878cbd2-c4ef-4212-bf4a-48e688788f2f,Work,510-452-4835
c01e0c6d-6a23-4311-b2b4-93b9e97dab9e,Work,317-472-2412
6a43da27-610f-4801-b3f1-08007abe61be,Work,307-279-3793
8de13f55-d60c-4ea3-b07d-26cef449ba8e,Work,703-475-7568
ab7d0646-2cf7-4492-8d43-7ea8ca2597cc,Work,504-946-1807
eaafa4c8-7625-4a74-ada0-7662fd42d508,Work,303-521-9860
4be1596c-a67d-4bab-b2c1-7053cf1af48e,Work,510-472-7758
bfaebeb7-5e46-441d-93d7-032841c1650b,Work,808-475-2310
740fcd69-8f14-439f-a54f-ed08fe9ce1ac,Work,952-938-9457
f9efd704-9501-4567-8f14-ad7a34de3148,Work,336-497-4407
351a42dc-c4e3-4ac6-a621-9e1d2e1f41d2,Work,516-365-7266
c0eed69d-d1cb-436c-9c43-cbbef819b897,Work,503-909-7167
7bb5ed90-bcf3-4565-bb87-a7e2d32680ec,Work,608-942-8836
08e57411-7e3c-4d43-9353-d590f269cd24,Work,508-843-1426
9052300e-7d9f-4386-a876-3468af988e35,Work,305-304-6573
d8e0b84c-0504-4d2e-b586-1095bba2c3a1,Work,814-299-2877
13d33415-ed73-4f10-832a-766c2f478ba1,Work,972-742-4000
c22d3bad-4beb-414c-b932-167a10e47226,Work,931-739-1551
e2eb3731-0c42-4188-aeb4-4f6f0f84e64c,Work,973-284-4048
85763026-0d83-4574-b841-08780adb0331,Work,305-575-8481
5acef2d8-35a4-4855-be05-d426e2922e51,Work,410-916-8015
edb8e29d-4cf4-4007-8dde-347998683e77,Work,805-638-6617
cef4e500-bde0-4f48-9043-04125e2994ba,Work,808-240-5168
34b9ff27-35d0-4a1b-9f43-786615c825d1,Work,229-365-9658
189587f1-54e9-4a82-90a8-9378a01d440f,Work,617-697-6024
07a54786-272b-4475-9edc-2e04520c95c5,Work,201-995-3149
aa0bf607-abfe-429a-b6f3-5d50bcccf946,Work,650-247-2625
c030d983-48b3-4b4a-b819-5893c682dfbe,Work,909-589-1693
c42b429f-8317-49e4-ab59-912301c78450,Work,510-755-9274
aa0300d7-94b7-457c-af4b-953bd8c4ed68,Work,518-931-7852
2a136dfb-6dea-4e08-8555-8b70fe23891d,Work,570-469-8401
508bfbfa-06f3-4770-8673-d6bab2fbede3,Work,973-818-9788
32e0c8c2-4320-4b76-bd55-54f9f6cf34ab,Work,908-448-1209
47273fb0-b48a-4845-9e90-5f0425c25b4d,Work,321-632-4668
ef0ea390-7d19-4696-88ca-ef08bc4c33db,Work,718-478-8568
0f670f13-9220-43a7-8b4a-2e29e962a567,Work,808-526-5863
9f0b15ef-3179-48a2-9433-2b765ca56c53,Work,303-692-3118
3621fc32-4409-4276-9917-75250a604b96,Work,973-225-6259
2c6489db-848a-47d7-baef-2c57dbcda603,Work,609-234-8376
b65eafb4-b2ec-4cd5-96e2-95ae5103c8c1,Work,908-426-8272
9c3a0fa6-8e05-4924-a6f9-010fe5281c0b,Work,508-315-3867
9fc83bd7-5a5d-4631-bb3a-2418cac0ca7a,Work,773-539-1058
9685b050-cb53-43d0-89f3-653178f134d3,Work,503-455-3094
bcfaed87-5f3a-452b-8d33-b071551239b7,Work,214-225-5850
49acd48c-fc12-48b6-9d9c-327e37559c07,Work,312-512-2338
ee827b5e-a52f-4240-8a66-59e09048f570,Work,419-254-4591
c70f6ec2-0912-4440-b986-57f54aeffd68,Work,951-248-6822
b9180cd8-7695-4a7a-b967-6ce091c1d838,Work,254-816-8417
526fab8d-dee8-4666-824f-78cdfe6047eb,Work,615-448-9249
ae47d76b-f83e-466e-9e69-6b53181a22b4,Work,414-838-3151
a145c743-8d61-4821-869b-dcb6f7152c63,Work,410-724-6472
af717e23-00c6-4ec9-86d7-deceec3e1f3a,Work,972-821-7118
b1f2b0b1-e939-4fb5-aa4e-5f981e1a19bb,Work,310-969-7230
df33c7a1-0455-441f-8982-6837c8a8adc7,Work,516-357-3362
c26846c6-dc8c-4917-9c5f-f318fe156b38,Work,609-263-9243
a542a2e7-cb12-4408-b0fd-bbaa27e799fe,Work,513-418-1566
81b071c3-f09f-4efa-a3c8-d60ea8096ed7,Work,541-801-5717
732d568a-ee6a-43dc-ab11-5a6da1d0c56c,Work,919-885-2453
ea04d340-f714-4c18-afe7-177c3c197798,Work,212-880-8865
96bc2ede-3eb2-4e24-8c91-ab3a7fc9c902,Work,602-277-3025
79772787-4ac6-44d3-93b7-1df092ae607d,Work,317-787-5514
f4bc5c5e-1461-493e-a689-aa65e7f84fc9,Work,315-640-6357
9ae0aa49-132e-4528-82e8-c61540bab392,Work,856-702-3676
3f5c662f-b494-414b-a015-62cea9ec6d1d,Work,516-376-4230
9f6e0e69-30ab-4f41-90ee-7bb5ba6ed39d,Work,501-409-6072
dd4f1f45-fd66-44ff-9771-9cdde016af06,Work,651-776-9688
eae0f6ed-2ccd-4b7c-8351-5c6bbec5ac65,Work,215-346-4666
db0774a7-9374-4f9a-938e-a23317459eeb,Work,985-261-5783
e3072887-afd5-4f1c-94bf-1a4a48069046,Work,631-998-2102
415018f0-92ad-42f7-a867-820a83e53a50,Work,916-770-7448
6751673d-e73f-4efa-8f69-5592e1e7dd49,Work,208-690-3315
80e19847-76eb-4e7e-bd17-a9d2de815736,Work,512-528-9933
b906e3e0-fa2d-4dd8-b9be-2c230705fe59,Work,215-417-5612
38a5a789-fee4-41ff-a61d-5e03be19058a,Work,808-746-1865
02c6a7bf-6bb7-404a-8a3f-cf4245b78d9e,Work,775-848-9135
c6adfcca-f5f1-47ba-9ae1-8addaf0e85de,Work,847-800-3054
46b529db-9c4d-4ca7-a31b-bb3e3899def0,Work,973-868-8660
d2fc8a95-e42f-45ca-9788-6ac94eb8f94c,Work,864-594-4578
1b51ddc4-5d2c-4f71-bb39-c38ca0c6cf76,Work,410-863-8263
0f7b3e7f-1d82-4d18-9fec-c939877cb5d3,Work,914-796-3775
788d37a1-2da6-4eca-9d41-3651e6461d24,Work,212-253-7448
320df645-7037-434e-a2d8-e08266d18067,Work,510-942-5916
0c02c033-0e7f-4160-a575-ba71f83e8f90,Work,978-289-7717
6647fe21-d48b-44dc-aa87-99a513c22867,Work,415-712-9530
0a38de65-c4c9-4fe4-a33c-a0518456a4ee,Work,201-247-8925
62589148-eaf2-410f-8f6e-a8348f24d08a,Work,925-541-8521
56007fc7-16df-4b3e-949f-ebcd82b4b397,Work,773-297-9391
761dc9e6-a0ba-4e67-9ec4-860a5772b605,Work,973-582-5469
488ac626-de4b-4a42-a6ad-1fffc29f29fd,Work,419-573-2033
a3fab974-610e-4d60-887d-08e95b08bd9d,Work,310-694-8466
fa6b27b2-7107-462a-b927-dbbf29256fa7,Work,352-990-5946
6d9dd486-679b-4dee-a453-546bac380e42,Work,408-346-2180
02be165a-edfb-40b2-afd1-1753a2a80560,Work,570-355-1665
6c59354b-05e9-4dbb-8854-dcd7204a0fa3,Work,201-858-9960
953c9fec-131d-47ae-b806-7bafc8b1662b,Work,925-943-3449
87826dab-a20a-48da-a72d-b92dfa7fe4d3,Work,908-602-5258
1a751864-79a7-4162-93fd-31c00900a755,Work,631-291-4976
e7269b0d-2850-4872-8a15-736c2e4806a3,Work,805-810-8964
e2e06590-30b3-463b-9202-cb54a83aaa30,Work,908-943-6103
fd993927-ed1e-4b68-95bb-5a94168920a5,Work,503-707-5812
5b6f8f6f-b2b6-4fca-9720-52bfb87b6f6f,Work,503-950-3068
9b62f167-b36a-45b4-b675-8da12f029c77,Work,856-828-6021
c76c1f62-dd18-415c-915e-cec97c47a9ba,Work,770-802-4003
1c460517-168c-410b-8c35-b21fbad1c1f2,Work,904-627-4341
ad2297a4-d576-4e46-8723-db7ed4b25a1c,Work,207-233-6185
3623aeec-1846-4112-b4f4-d484c64c884b,Work,817-577-6151
2d23c36e-76b7-481e-9950-5d2bed84ff78,Work,716-854-9845
403b27e7-2507-470e-bc16-69dc129cfe91,Work,305-857-5489
62fd0ad2-f449-4ec1-905e-8e5d41a3908e,Work,212-778-3063
520cbf8b-3d2b-425a-b3cc-b794e4ec9293,Work,215-511-3531
53577544-5805-4483-b97c-21500634c08e,Work,850-330-8079
286c3266-5a45-4437-acec-c905f2699d3d,Work,415-874-2984
e196ecc6-d183-40d1-8ee3-6eff3e328034,Work,408-425-1994
1cf8222e-0796-4b46-9500-5208118da67c,Work,650-960-1069
1f0f5153-bf6c-41ef-ba80-396066091681,Work,818-481-5787
65e776ea-d656-4248-b785-8fb6c7b48822,Work,215-483-3003
88a4705b-6d7a-4fba-a679-15012a0b0714,Work,337-774-7564
13aa70ed-18ce-4698-9439-f3874dcb7d8c,Work,313-390-7855
bbdc6e85-fcb3-4d35-bea9-c2c2b9c92830,Work,512-693-8345
0202802b-fb0d-40f3-9bd9-5c7754d8511b,Work,214-529-1949
7b5d2c60-9146-4972-aedf-826a964ff3a9,Work,206-389-1482
3e99966b-968e-4251-a490-9bbb446f3d84,Work,610-752-2683
96596cf3-b659-4cb4-bf53-111d8f6c7d6f,Work,215-829-4221
7956ce85-7995-434a-ba97-5dcf0e3aa1b8,Work,310-499-4200
7474a209-847a-4a99-9852-57bbc3042cfc,Work,707-881-3154
119766fd-3330-462e-b504-6c843f0892f1,Work,407-945-8566
e52c547f-969e-4c72-990d-15bf480560f1,Work,760-465-4762
9d89fcbf-5908-4371-9dd5-ff053b4ed6a7,Work,508-504-6388
220ca737-cd99-4420-b46a-afaeebb8428d,Work,936-988-8171
8e12db28-2efd-4e23-9126-204ffafec00e,Work,414-411-5744
fadf6015-11bb-4088-9847-2dd2303b0193,Work,626-638-4241
c172960b-d285-421c-b04c-7ee0c160a2be,Work,914-654-1426
92283690-a6eb-4147-8ed8-3bdc59fb9bed,Work,214-785-6750
eb8c12c2-81c8-4b80-b0ad-7dc4eb18077c,Work,228-432-4635
2bde3e0b-346d-4b4b-b266-cdab3e08ac30,Work,305-287-4743
2f3a5916-6439-49b5-8cf6-a002ea40454b,Work,212-311-6377
00614ee6-8842-48d3-8a30-0e7cb8ab57b1,Work,201-365-8698
fa3f57e3-3c09-4bd6-bb77-349d27d67870,Work,734-408-8174
38515142-00a3-48fe-9888-a2fbbd0ad975,Work,631-295-9879
aa947cf8-392e-48a5-989a-05f8874433b3,Work,330-618-2579
6ac04764-0812-4870-a7b0-177add6e9677,Work,203-840-8634
d6bccc2f-6085-4895-9d00-21614aef3fe9,Work,703-938-7939
520fd3c5-0e2b-4efc-83b4-b22f3ea766a6,Work,978-679-7429
6f29b51d-71b5-4c6e-b188-e55ab56d4bef,Work,419-313-5571
9b14a88b-5822-45ae-aa5d-c4e9849f9f1e,Work,253-875-9222
daa0754d-828f-4c27-8716-5670b3f09c3e,Work,916-289-4526
72f07583-abad-4b4f-b46d-3e7b110157d6,Work,307-453-7589
19f8a04a-a391-403a-aa31-e0e3f8c729e0,Work,207-297-5029
d8ffbbcd-1eae-45e5-a874-2f75e4136cfa,Work,215-647-2158
31f25383-4bf8-4c39-a152-8418b14d3510,Work,813-863-6467
a3170acf-e1ea-4149-b10c-d1d4fc001cdd,Work,619-695-8086
a4473993-156f-46a1-97e7-359cc8e23bb5,Work,979-809-5770
5bf5e986-8071-4e0f-8896-e0fa2d3888d5,Work,847-265-6609
99ba2f18-63e5-4639-8fe8-df1575165323,Work,609-854-7156
5ebabfd2-61c2-45b9-863c-5fc305f65a3a,Work,908-670-4712
9e84de98-740e-4136-adff-86d53c7b0e0a,Work,718-280-4183
ffdf7431-69ae-4866-85c3-3baf821342d3,Work,314-858-4832
b1d5de7d-0c89-476c-b0fa-f9e03b82b7d0,Work,209-242-7022
3073d041-211a-4e29-bd9b-c5b61de94428,Work,973-822-8827
231c558f-e128-4b9a-a607-8823b8ff9b73,Work,317-441-5848
9555e268-7fd0-4601-80e7-99fa0c2bebe4,Work,206-295-5631
f48a50c6-dd81-4514-a402-71e774a21c57,Work,336-467-3095
81f1049c-a27a-433c-81fc-61f31f0da052,Work,785-616-1685
8f536640-c9fd-43de-9374-7d40411009b9,Work,407-429-2145
f7b08972-fabe-4d3a-ba80-a0a059975709,Work,612-664-6304
18f7e524-a6c4-449b-a83e-83fc5408146e,Work,803-975-3405
1782f637-8fe8-4e4b-a924-806ecccf93a0,Work,707-821-8037
9c8ae162-fac0-47e5-b48d-f7c97f6d7f8c,Work,847-556-2909
547dab59-8dd1-428a-a881-5a77b50b05e5,Work,949-903-3898
759f019c-4b75-4a32-a22e-0edd24f1b318,Work,303-794-1341
5a690772-3b3f-4d1c-ac49-971be027f221,Work,203-801-8497
0dae2baa-3ae4-497f-bb62-39083e7656ea,Work,425-700-3751
77e401d2-3840-4f95-9dbc-09883fd4febc,Work,440-327-2093
9cd08f30-8cf6-451e-adfa-a494df3aef84,Work,603-745-7497
8f2cac9f-1da1-4285-8cae-e29422dd319f,Work,321-597-2159
35835b17-5a44-4793-9189-1227d90b2fb1,Work,212-782-3493
4c5bed68-decc-485f-9a4b-d2bc679324bb,Work,714-698-2170
6115a2a0-eeb8-4dff-be16-2560f8c1311f,Work,248-793-4966
b519db47-a487-4b92-9059-845d47b183a8,Work,317-342-1532
3d1c7bee-f6b0-4e50-b233-18700223a63d,Work,940-302-3036
5144f099-24f9-4803-8371-478e1432e413,Work,203-564-1543
85843149-0e4a-4630-8281-60ac6adaba8f,Work,410-259-2118
57a20375-21d6-43b6-a52b-5c62eec32f76,Work,504-635-8518
c0454452-058c-492f-a050-03208b1e83af,Work,804-858-1011
b89aada9-7c7f-4c0d-a60a-accd85b9efd2,Work,215-846-9046
465d6829-d1ee-41dc-8346-37dbc184147b,Work,952-906-4597
6593256d-b2ca-4a58-a3ec-7f559c6fcc5f,Work,305-573-1085
8b4e0c9f-158d-404b-bbde-45bb5c1ccb0d,Work,414-660-9766
8cb77c37-67a3-4d5e-a074-21e0f6a0714d,Work,732-445-6940
afb24d2a-760c-491f-b9b2-36fff2656fe1,Work,701-421-7080
2ab760db-98a2-4a74-ab3d-d22a4b9112a5,Work,775-578-1214
e90ab292-e51c-456a-b7ce-e925b39dfa6f,Work,602-304-6433
df321a25-c7e7-41a5-aae4-46d0061c02c9,Work,615-825-4297
94d7da5d-e5a6-4b6c-8dfb-12c93196031d,Work,410-951-2667
eab41d68-99d2-4336-9db1-5462a154d6f0,Work,212-745-6948
693cc5ca-7608-44e3-a05f-0355d4a64268,Work,806-558-5848
c19c79b6-6f51-4220-9d93-928d5a899cb3,Work,323-842-8226
963771d9-4cef-4a9b-9920-3b469522f8a8,Work,619-666-4765
fa73a14a-8646-47a5-9b9f-778929a787a3,Work,770-531-2842
ae021ad8-8a98-4358-87bb-3b45d33b535b,Work,508-502-5634
40d6dd6d-ddb0-43a6-aa1b-0f1a6b098dc7,Work,269-431-9464
515a0051-2579-497b-bbb7-838228b0e075,Work,973-976-8627
0f0d8817-7fe6-44a3-9896-6c770756e8f5,Work,337-751-2326
64afc671-c4ab-4be2-9f97-7373f27ae725,Work,717-583-1497
a16f7248-3482-4006-a9ff-7e53c4766ce2,Work,314-231-3514
3c1268f3-4c17-4178-a09b-34654b76071b,Work,817-947-9480
0ca31326-e27a-4436-bdd3-70c5bcd69910,Work,813-357-7296
586e615b-f49e-4efe-901a-9bb2734c9830,Work,770-930-9967
1369420b-3ee9-42cc-878a-16369e74c55c,Work,760-745-2649
ec0f52c0-a986-44c0-9b09-7ce2f11ed202,Work,517-747-7664
692ada47-7949-458c-99e5-b10735a927a8,Work,602-330-6894
200586c5-2d1a-4f0f-ad57-ae7245321270,Work,207-748-3722
15c78959-8460-4567-b2b6-ab0cb77dd900,Work,301-392-6698
8e4f5c14-0732-46fc-9da7-345c194056cf,Work,717-344-2804
9179e8e8-12cc-4059-bf39-a6295a5c9772,Work,972-898-1033
8242f1b0-637c-4d00-8a70-3a4e5e933e4f,Work,406-374-7752
791a56b6-caab-4f73-bb68-381ba2ac6224,Work,973-563-9502
4a6c5eba-8fed-4de0-9470-08e37461af68,Work,248-697-7722
47619110-376b-41b7-8e6a-ef01c4555c96,Work,216-270-9653
fb6935b4-838d-4388-9311-c37de1a734a9,Work,325-667-7868
bcacc1c1-5a2b-4b02-ba80-c736ccf405e2,Work,817-819-7799
9dd9cf24-26b0-411f-9ea1-976f4af66811,Work,718-732-9475
9a12c81a-ad09-4077-b02b-96a396957ced,Work,401-885-7681
3df4d73a-1930-4c4c-bd26-a77daf1605ca,Work,717-686-7564
edd1e223-7096-4a26-8dfa-599e48a79d03,Work,401-552-9059
f51757bc-bcd7-4419-8660-97cc3d4822d5,Work,305-302-1135
16e5dca3-c462-498e-ac0d-425530baa234,Work,201-412-3040
1da65ab0-c8a9-4f37-9e07-4d532ed5ad06,Work,210-634-2447
fbca10d4-f83a-4087-988a-cecc59ac4fc1,Work,718-853-3740
6b7c37ea-63a3-41fe-8cfc-d6ad14abfba3,Work,909-631-5703
1d70dfb5-6c6a-4520-a799-24d12d4af6a4,Work,216-937-5320
8e34eb54-398f-41e4-a0e0-b8d55941fc19,Work,212-225-9676
bba66694-15ed-407f-a1d2-6190c56b43d9,Work,804-808-9574
a1435682-7947-45d9-8caf-de0016696975,Work,706-616-5131
10ede64e-6368-487b-9836-b7f915fd7c51,Work,337-991-8070
60077096-f61d-422f-af17-16f1b7983a05,Work,973-986-4456
b0a76c03-0d73-4e4c-b0c0-40a793625c45,Work,607-350-7690
6c847924-2ddb-447f-909a-09dd71cd712f,Work,973-355-2120
26cb0b00-f164-490d-a125-8d8c74e7bda0,Work,208-793-4108
fd51fdb2-82c9-4bbd-945e-536c6f4b12a8,Work,415-284-2730
3e1bb49f-0004-47a6-9223-96f501c8bbf5,Work,508-618-7826
4673a705-6df0-4f7f-b789-fe2e589b65cb,Work,248-811-5696
c6727bb8-6ba3-4c50-8c42-0f5902427265,Work,920-355-1610
d0a256da-4df0-4f10-a33a-e870692ab629,Work,410-773-3862
0d57cb3a-c736-4b62-a995-31446b9778bc,Work,719-547-9543
f92b1614-1d20-4056-9c48-64fa653dcafa,Work,419-399-1744
19054f0d-873d-4b3e-8898-52c09107121d,Work,301-257-4883
1c4b781e-3c7d-4df4-92af-eef2f2aace7e,Work,508-897-7916
77f89042-2c87-4108-8d82-cf36c97933ff,Work,703-892-2914
fbd688c0-35b8-4f2f-8efc-144fdb33925d,Work,410-912-6032
b0c79662-622b-4afe-a946-9763a478138a,Work,512-742-1149
6745d081-cba7-45c4-847e-f804a21273c3,Work,623-426-4907
00b04c9b-b8fd-4a0e-89e7-7ada002ce9a3,Work,419-488-6648
c074da89-4ca5-45b0-8e19-91a22ecc0ad2,Work,206-923-6042
acbc1a45-4269-421d-85fb-7486d1ee9b2f,Work,513-747-9603
bc3fb088-4b2b-46a6-882d-1445bc595189,Work,812-442-8544
dc49baa9-c3e6-4424-b433-e4a6e8b3e7a0,Work,847-613-5866
7a853929-215e-4cf3-bb5e-3c5bd8d45d91,Work,718-394-4974
d4993c84-6e70-44cb-b18a-c5b73b861cac,Work,407-808-3254
a3fa38e1-5c77-4498-98de-245411eec4f6,Work,310-652-2379
7cc8f6e0-3725-4ff6-8365-e1b63df3321c,Work,813-744-7100
aa701434-4fa9-4274-aeb8-b3b16ab7e397,Work,915-300-6100
68cbd1a3-8a36-4602-9842-9e074d34d05b,Work,619-935-6661
fefef804-2834-4260-b852-017d9c5872cf,Work,301-591-3034
ea0c5a43-d3f8-44c0-af72-6c00c0011560,Work,714-663-9740
d70c71cf-d75f-4432-94ff-4080aad089ed,Work,314-697-3652
da3a22f1-c299-4289-96fc-8ac485248f17,Work,512-942-3411
2b0c052e-ba2f-4ccc-8740-1a0f71a78682,Work,336-364-6037
a22c3088-de3a-437e-8f17-439afa291230,Work,631-288-2866
192302eb-693e-4158-9cc6-8a92c062cd36,Work,201-749-8866
fd08a6da-094a-4761-a58b-f43b6a0d5bc8,Work,901-573-9024
fa101e0b-d31d-4bfd-8044-c0059d4a2db5,Work,404-607-8435
1bc5dadd-b3d1-4cfd-94d4-89e94fa9b87e,Work,650-749-9879
23282578-afb4-48d9-a1a7-7908f9bfd533,Work,952-314-5871
fcb96274-20bd-49d1-9260-bce2d616bfa0,Work,480-205-5121
ff501966-0871-4797-b085-f3d58b05b07e,Work,718-613-9994
5d3ab715-ff3d-4441-9bcf-aa4debc135f6,Work,770-584-4119
5d5bcd67-5b57-434e-af31-f9a30af44478,Work,507-590-5237
0588c0bc-4676-4969-a6cd-dc46fb6ca6ff,Work,203-938-2557
8876026a-02e5-4a99-84a7-bfde07b6a26f,Work,260-382-4869
e67283c5-3beb-4b8d-bcdd-a2ba1d3e4adb,Work,601-249-4511
1f29fe64-a077-412e-bf88-c32905f1b197,Work,586-247-1614
8a8d8953-5ac3-4b6a-8569-4d4459ed74d3,Work,719-223-2074
67eb5014-cda3-4653-a61f-70eab2789ceb,Work,212-422-5427
46b10d31-9fe8-4d66-a74f-482d1e4df61e,Work,510-441-4055
f7657344-e2a7-4a7d-ab90-d8c5b648d199,Work,773-359-6109
cdce2b67-4725-42db-a839-ddf6c0a72091,Work,570-868-8688
d1bbfbeb-b0c0-4f76-9d95-00ac696310a6,Work,530-399-3254
07578e3b-198d-4e56-93a2-be33bea84d37,Work,845-694-7919
dc8c2e96-f14b-475d-99bf-e35bb5aae0e9,Work,216-871-6876
4dd9af47-765a-4221-849d-1a7428b74ffc,Work,973-473-5108
2c53ed08-2d42-497b-a439-2c1ad1a45e34,Work,907-770-3542
9a6432bc-8246-4f3a-9bf7-27ba229417c5,Work,215-380-8820
3de38d35-e533-46f0-92b2-749cff6d3b3a,Work,513-863-9471
7fb3cb86-8a32-490b-af2e-3c81f071d5f6,Work,310-955-5788
68b45dfd-8850-4cc6-ac56-7d1f48bfac4d,Work,515-372-1738
b1529c22-6910-4735-9203-b3dc677bd2a6,Work,610-378-7332
727f2e10-0021-45c0-80ff-606d2672f15c,Work,919-254-5987
7cbfc312-916c-4b32-8b1b-72b454eebd57,Work,509-595-6485
40d76ad5-ab1a-4d20-8a30-38d921989198,Work,914-883-3061
1dd6c722-1726-4f45-b9dd-27602f7a38f7,Work,410-234-2267
42b792fd-a5a0-4ce4-a1e4-a1e0e755ca7a,Work,516-732-6649
396c427f-ddc2-4d08-ad54-03cd40fc1d6a,Work,508-658-7802
d8a255c4-d885-42bb-8c87-8c346e2ef3e0,Work,918-565-1706
f80fff03-54d4-46fc-803f-d3172ab3205f,Work,231-265-6940
93068902-f21b-4fe1-90a1-a85113d3f65e,Work,337-255-3427
b7dc8054-263f-496f-a0d0-a4f9790f41c3,Work,419-417-4674
957060f8-e901-4cef-928c-46815795c017,Work,619-727-3892
ad6b45fd-7935-4866-8c5a-7afa08c109a5,Work,203-918-3939
f49e56cd-ee8a-4409-b469-3c118dfc90a0,Work,201-969-7063
203d2cad-2494-4b7b-ab50-c342057438d7,Work,330-566-8898
01e490fa-28f6-4a70-a6f0-c8b9716d4931,Work,201-772-4377
54c40079-4ff5-435c-817a-759f93815419,Work,616-568-4113
8f7ae606-89d5-4b70-aba0-23e89c665f7f,Work,601-637-5479
ec2351c0-4640-44a0-abea-27cfade59d7b,Work,901-869-4314
11ce0afd-00a6-476e-b131-c7fbb6b6441d,Work,303-997-7760
a80bcd2c-bb36-4bbf-8380-91cf95ecba64,Work,901-739-5892
4b0bbca3-caff-4156-8c89-5d83c6e63b16,Work,626-293-7678
e82529dc-2e0a-46ca-9438-f71533bebe9b,Work,773-857-2231
3e33841e-791b-438e-b84c-cb11703ec50f,Work,718-728-5051
ad462ae2-c7d7-451b-97a2-15521023916c,Work,509-847-3352
e1a1a5e2-fe3c-4ee0-9711-8ac77f80da3c,Work,410-429-4888
a2821f6b-9cd2-4c98-8eb7-ad57f35f56ee,Work,973-605-6492
b1b87779-996f-40cf-b685-67b4af94bea2,Work,562-719-7922
5d110166-686c-4ae4-8915-9fdf6f23b248,Work,732-617-5310
73c81b76-91d4-4935-894c-53b4edda0864,Work,973-491-8723
ad433b02-352f-44d4-9c45-f4bcf7f17326,Work,303-845-5408
7cdfcfe9-fbb9-4e5a-ade7-d89cfccdd583,Work,757-940-1741
10924d02-2da5-4797-a194-1f85dda5e029,Work,602-442-3092
78b78508-257b-4195-ac23-cbdb28bc16fc,Work,305-978-2069
c4f49129-e723-48b9-97cb-f064502ff18b,Work,602-575-3457
24fced80-8fc0-4388-a8ab-22cb7d93c9af,Work,386-599-7296
a38a63a7-296c-4c2e-a36b-0284133ccd68,Work,415-419-1597
e081514d-805e-4660-88ca-95b4bf776eb6,Work,858-228-5683
e78cab8c-a44a-4f0d-895a-98dc8c5feb57,Work,201-772-7699
879632c1-8f04-4511-a46f-089fe2d0ea27,Work,909-665-3223
e872f81f-2238-466f-a102-4bbe657b34b2,Work,617-544-2541
72d68231-8bbd-4ca0-8564-6a1056426220,Work,760-261-4786
c72f579b-f623-4c75-b5a3-b935c1918ada,Work,310-936-2258
ecca8bb0-5e97-4007-afc5-16d63bddc8f8,Work,717-632-5831
2a5401ae-3a12-4664-b29c-c8c776410ffc,Work,480-866-6544
2905e8b9-b768-4ec4-83db-f029eff5119d,Work,561-951-9734
14e7c3a8-9609-4785-b982-8202177a129a,Work,615-726-4537
efbd8051-f81b-46c0-b231-309abe8474d2,Work,859-308-4286
4532d625-1018-4cde-85e2-9db181b8d218,Work,734-851-8571
14848f3b-61d9-467e-8733-2235d76967e3,Work,936-937-2334
52b12bdd-4812-4a75-9016-796b5d0ec7e6,Work,973-644-2974
f99a4528-26b2-4dbc-ac3d-ce37aa5cdc6c,Work,201-856-2720
cf3d8f5e-fc8c-437f-8efe-f0ad7ba29574,Work,305-306-7834
4fee818e-57f6-45cd-b528-0a60078480e4,Work,931-486-6946
9cfe0fb7-770c-4caa-bb54-128a80f937dc,Work,714-531-1391
1c978d3b-8e60-4059-9623-53d67019a983,Work,847-755-9041
5820a39d-6879-4879-b72d-d821e4c0add0,Work,215-351-8523
5e4420ac-03a0-4720-9a33-47c017fabce8,Work,973-662-8988
0ccfae64-eebd-466a-9ac9-bf3eac63ba86,Work,814-481-1700
607a636c-b5ed-4625-af1f-2d0c33600b4b,Work,801-892-8781
31a6a2b7-9df4-468d-993e-b6fcaf7f0ee6,Work,910-200-7912
4f7266af-5146-4f73-900c-20c1b97935f2,Work,213-696-8004
143855b0-5bec-474a-ab1b-a42b44ea7fd8,Work,517-867-8077
97237b32-78ae-47b6-8257-88b2b2d86d99,Work,315-474-5570
0907136b-0ce8-4df1-92db-ec529bb82fa7,Work,574-405-1983
d82ceee5-6b17-4303-a35e-7bca603685b4,Work,407-472-1332
3aebfc6b-7aac-4be2-b509-33c3b0739113,Work,973-903-4175
b7b8abe7-79a0-4030-ae99-150c673eece1,Work,609-398-2805
4392f251-21e5-4e66-9f2f-cde724d93a7f,Work,608-302-3387
d11e7960-33a1-463b-99d6-b59935f038c7,Work,914-396-2615
30ed0639-db61-489a-b012-3db10287fedf,Work,336-564-1492
fb98548a-6750-4a83-8734-f11d16309cc7,Work,410-522-7621
b2a3794d-0fc6-4445-a319-cbb550eb8fd1,Work,732-705-6719
55ad5265-89d5-4df5-a525-9d1e99ae4051,Work,830-919-5991
72eaf0e7-10d5-408a-95d2-f27e591e7218,Work,847-740-5304
8a53c120-b37b-46e9-ab2a-14bbee6b6de3,Work,732-724-7251
cb77a8c7-0ac5-4683-87e9-6f4478324629,Work,402-707-1602
c2868a56-8e16-4c38-b1ce-8cf825f07f5b,Work,703-874-4248
2ce81d9e-2bc4-4a7e-ba4a-2c0e75c8bb9c,Work,972-961-4968
8eec39ed-65a3-4a8b-bd12-67de1a496191,Work,212-428-9538
e94478b8-114a-4fe9-a241-41ee7e1e2799,Work,516-749-3188
aef9bd3a-735b-4f1c-a932-934e8aeecbdf,Work,352-947-6152
54d495f0-2026-4a69-85f6-75e4ef97965c,Work,317-887-8486
65b8aa8f-a4dc-41e4-922f-1ff97e09de8f,Work,816-329-5565
b16ddd63-4a59-48e1-a31a-5cb6758fb184,Work,601-973-5754
1800eb0f-148a-40b9-8e5e-4af171ac65da,Work,325-740-3778
fc3417b5-aca2-4330-9e23-5b2f255a45b3,Work,408-997-7490
bac7a4ba-8a13-461c-bfcd-98f738f91973,Work,856-513-7024
1a0c6937-2de5-4bf7-98e7-fb4e68cde6e0,Work,510-509-3496
a1da3e64-58e9-4c70-8bbd-9dfc8128b75b,Work,407-564-8113
9f4e5ea3-9d71-49ca-b683-66734bc69a69,Work,307-816-7115
f9eadc15-2853-4ddb-9704-bf51fb679214,Work,516-407-9573
3b35d4fa-e22e-44f7-b121-5e8d0f153746,Work,608-586-6912
0be9e07e-29fb-4bae-a4b4-0f6aaf616ea7,Work,201-478-8540
c08bf3ec-b0d8-491a-80da-169cbf5db6fc,Work,570-569-2356
c5dd1901-495e-4f9c-82bf-044289a6f8cc,Work,858-732-1884
294cb35a-2e58-4545-a00e-ba59fd9d2ca2,Work,760-493-9208
4a7c4d2f-f708-4b74-8303-011f97abade3,Work,609-826-4990
9df72960-6b2d-48d9-91b5-bcefec861b8c,Work,401-893-1820
f8c8389e-dc8f-4688-a77d-8d0cd202ca5b,Work,785-253-7049
afbb83cb-ae47-4308-b9e0-30728b7477b3,Work,916-459-2433
6d806fa4-321d-4d02-95d4-65e8ac17186e,Work,386-208-6976
26cd7f21-836e-4243-9acd-42e9f96b7c90,Work,202-276-6826
d086e063-bf97-4903-b258-353e247d67a6,Work,415-926-6089
a36ea4e4-5f4c-43e8-b1f4-74508f74f095,Work,208-206-9848
57a3c57d-f9f6-4cec-a977-e4ec6ad9b29b,Work,574-330-1884
787e9600-f816-4ef9-b978-830cb0ba9e74,Work,308-250-6987
c932d846-dc91-425b-89e4-c8a23e935cab,Work,206-395-6284
0f7f18b5-b136-4111-a878-445619d51ec6,Work,407-557-8857
